TEA,SLN,hel_bphigh,hel_castthma,hel_checkup,hel_fruitsveggies,hel_le,hel_mhlth,hel_obesity,hel_perpri,hel_perpub,hel_prtopu,hel_pharmacap,hel_phlth,hel_sleep,hel_stroke,hel_perins,hel_perunin,hel_clincap,hel_groccap,hel_bphigh_sd,hel_castthma_sd,hel_checkup_sd,hel_fruitsveggies_sd,hel_le_sd,hel_mhlth_sd,hel_obesity_sd,hel_perpri_sd,hel_perpub_sd,hel_prtopu_sd,hel_pharmacap_sd,hel_phlth_sd,hel_sleep_sd,hel_stroke_sd,hel_perins_sd,hel_perunin_sd,hel_clincap_sd,hel_groccap_sd
47,47,2943.97370930007,756.557869657288,6293.73839096299,480.199381512,80.9519864681,1042.1248601911,2595.53058837401,0.720997033089555,0.256571612147325,2.81012005597702,9.63821425189081,1002.43858524767,2718.90331328466,260.14769867462,0.871591360054425,0.128351947389308,1.51187674539464,2.26781511809196,3,4,2,4,4,4,4,4,0,4,4,4,0,1,4,0,4,4
69,69,2829.84912496671,887.54782394611,5652.41888563472,346.249627353,75.2132749184,1628.54069833602,3409.11031435534,0.33321196122161,0.38327795730736,0.869374183588647,0.782667793024608,1450.82966270048,3272.68374671816,282.40680784498,0.697828956351554,0.302034500022757,0.391333896512304,0.391333896512304,3,2,0,2,1,2,2,0,3,1,0,2,2,1,1,3,2,0
354,354,4801.45381349414,1170.50805694795,7539.52480257845,316.282894492,72.6215628371,1632.70663738709,4418.97790179531,0.412608255539309,0.435777752783714,0.946831849270874,1.70692025535785,1702.18310448165,4114.97334596939,586.18366845834,0.812731976155663,0.187099313912946,0.568973418452618,0.568973418452618,0,0,4,1,0,2,0,2,4,1,1,1,4,4,4,0,2,0
62,62,3790.46247105432,1027.67264904342,6778.81084181514,326.477499692,70.4525603317,1613.02091824508,3949.04047401981,0.436033391029995,0.347604127867488,1.25439647021746,6.6319605265977,1559.71775873787,3788.53284937081,451.480880669369,0.761157730987489,0.23838215639447,3.31598026329885,1.54745745620613,1,1,3,1,0,2,1,2,2,2,4,2,3,3,2,2,4,4
76,76,3545.62918756415,1004.63095393918,6729.49051194305,379.755431152,77.2372448024,1617.37344185493,3732.49235289886,0.484658609806789,0.323931952890463,1.49617413621026,1.6746550682133,1533.66771458168,3661.60338331905,372.036216034541,0.759033176814718,0.24108998537449,0.257639241263585,0.386458861895377,2,1,3,2,2,2,2,2,2,2,1,2,2,2,2,2,1,0
353,353,3563.74481875065,1024.0925735652,6648.15164878096,352.343500032,75.7514036022,1730.26906224448,3982.59943967242,0.394460144991136,0.356439467078587,1.10666797990742,1.58540666227544,1621.84840742733,3818.56676282627,377.632942286627,0.720268918183574,0.279625761378996,0.176156295808382,0.704625183233527,2,1,2,2,2,1,1,1,2,1,1,1,3,2,1,3,1,1
53,53,2842.22976133116,869.495163854115,6352.32339852365,398.660725699,79.1474254937,1390.03811344718,3255.52798459965,0.568534932604254,0.24821037468213,2.29053653914485,1.91598086499241,1231.35166651639,3270.20863151786,262.315013512805,0.786626684893651,0.213196924931281,0.736915717304772,1.47383143460954,3,3,2,3,3,3,3,3,0,3,2,3,1,1,3,1,2,4
55,55,2390.0954807079,692.072538969675,5504.99858228133,422.389488352,79.3550127786,1058.84269960747,2643.20482098964,0.684860181332047,0.2064612106226,3.31713729308666,10.4637559507311,918.493479651902,2764.88157457172,199.349637448213,0.829061375469915,0.170858211205597,2.81716506365838,2.01226075975599,4,4,0,4,4,4,4,4,0,4,4,4,0,0,4,0,4,4
79,79,2857.10700907196,874.154720749632,6085.92778777229,392.768258662,77.4241875438,1655.65717415985,3574.62264596153,0.361305026649678,0.25556771889525,1.41373499052033,1.79934283901912,1486.64821052517,3485.17736223207,259.330253902199,0.590833228648852,0.409077041796027,0.359868567803823,0.899671419509558,3,3,1,3,2,2,2,1,0,2,2,2,2,1,0,4,2,2
77,77,3557.76657290784,951.322011011072,6606.49797564643,340.63692716,73.5375438229,1585.07083113242,3852.01028555209,0.426638365614221,0.342000530644733,1.24747866563227,2.0933534477176,1559.57053268735,3659.66343328621,394.921818793583,0.743016336277148,0.256737292953796,0.95152429441709,1.33213401218393,2,2,2,1,0,2,2,2,2,2,2,2,2,2,2,2,3,3
68,68,3304.64092477154,911.545789787139,6425.11627096628,342.123995597,76.0270197622,1607.66469664627,3726.66553279034,0.426123957225239,0.320288151092697,1.33043934273395,2.4327054818584,1575.00750167724,3522.97655365988,345.249455414131,0.717876938581266,0.281768471343523,1.30991833638529,1.30991833638529,2,2,2,2,2,2,2,2,2,2,2,2,2,2,1,3,4,3
59,59,3252.31496289817,920.14138551153,6370.15148268796,357.914663565,78.1317887096,1652.62114098737,3761.35848873464,0.415254810837638,0.330092268820358,1.25799617277201,1.35754078662718,1611.78368257806,3547.83071013777,336.216396791598,0.717508516254202,0.282265887608004,0.226256797771197,1.13128398885598,2,2,2,2,3,2,2,2,2,2,1,2,2,2,1,3,1,2
48,48,3390.49236520808,959.770453694652,6656.18274289283,400.634455562,78.1141531693,1541.35647651942,3548.34977678665,0.532365966267785,0.294104714344043,1.81012387868432,1.51042484402129,1463.91944069809,3483.80805985711,346.306633819325,0.771223970602092,0.228885957473539,0.125868737001774,0.881081159012417,2,2,2,3,3,2,2,3,1,2,1,2,2,2,2,2,1,2
50,50,3144.45592681845,865.18469097156,6679.87161582401,430.087733148,79.4210558827,1272.1808782999,3066.61037504445,0.637773146997534,0.251438621981762,2.53649635036496,2.2963441733183,1201.50705456175,3123.94853008329,289.251343242038,0.816047565335424,0.183875963064217,0,0.956810072215958,2,3,3,4,4,4,3,4,0,4,2,3,1,1,4,0,0,2
72,72,4987.4619691585,1225.25556514121,7463.33110564286,268.21250973,70.2402788372,1848.92795344234,4686.7472920552,0.29144960091765,0.491468718634995,0.593017601867159,1.92258729524705,1994.2142685031,4256.51627029938,693.730034517839,0.756846532524017,0.24303398174258,0.240323411905881,0.961293647623523,0,0,4,0,0,0,0,0,4,0,2,0,4,4,2,2,1,2
43,43,3645.27836705575,1005.36907891827,6709.56304341256,348.443597478,77.2232272034,1625.3938624952,3894.32949998767,0.429590589366947,0.34524358229294,1.24431158579057,2.00996370682885,1581.44569517637,3703.59506481621,395.378483065086,0.739424059638083,0.260175146790645,0.40199274136577,0.803985482731541,2,1,3,2,2,2,1,2,2,2,2,2,3,2,2,2,2,1
100,100,3411.20050295648,954.008269765392,6497.77024303045,354.817885499,77.7633885458,1660.90214707311,3833.07777011061,0.423394845605075,0.340524389922868,1.24336129256697,1.45138930427772,1625.40615302315,3612.70110610598,362.25482941562,0.733053413009714,0.266617527048727,0.26388896441413,0.923611375449456,2,2,2,2,2,1,2,2,2,2,1,1,2,2,2,2,1,2
284,284,3198.56123286412,905.648938644317,6584.94120105204,389.81616312,78.5877335592,1438.99231229531,3305.23211919312,0.53809264940007,0.287655807090436,1.87061285097192,1.55465570806628,1344.67137573648,3338.87575692934,312.137412063458,0.764512872286724,0.235331806003184,0.194331963508284,0.582995890524853,2,2,2,2,3,2,3,3,1,2,1,2,2,2,2,2,1,0
280,280,2387.0200851199,742.815622070052,5733.03481267423,470.94186888,80.6374691785,1076.99461339969,2596.39253895448,0.637803339517625,0.199243042671614,3.20113230035757,2.07760455184121,885.992222148717,2811.14170199042,194.161148300854,0.780779220779221,0.21899814471243,0.296800650263031,0.593601300526061,4,4,0,4,4,4,4,4,0,4,2,4,0,0,3,1,1,1
169,169,3286.35895605046,816.487603554375,6978.49464362683,475.214283805,80.5067796428,1050.74094140939,2779.89077846481,0.733364814973813,0.24673735725938,2.97224880382775,9.22667124285162,1043.58817471623,2926.06069510982,291.18183265235,0.869816261698291,0.130183738301709,0.429147499667517,1.50201624883631,2,3,4,4,4,4,4,4,0,4,4,4,0,1,4,0,2,4
167,167,2602.00687148703,834.905168435018,5258.82043602088,340.790702202,74.9586655405,1513.67032820159,3167.25979512399,0.344832103401598,0.365005894939086,0.944730230888862,0.854801088201568,1319.59830506927,3069.68503860498,256.858649085826,0.69289550674643,0.307017160822672,0.427400544100784,0.427400544100784,4,3,0,1,1,2,3,1,3,1,0,3,1,1,1,4,2,0
187,187,3148.0282999939,948.544379533142,5955.82940491941,329.484701351,75.2612597109,1762.11300923978,3768.00525227596,0.311855186644157,0.359547927218158,0.86735359332203,0,1637.37117110255,3531.65059038594,334.95891729763,0.662586756706059,0.337319452260364,0,0,2,2,1,1,1,1,2,0,2,1,0,1,2,2,0,4,0,0
305,305,3329.18655548112,994.721555776889,6274.47380842788,333.31101537,76.4662107734,1843.91620076338,3935.44182397615,0.337575757575758,0.370995670995671,0.909918319719953,0,1731.20430655929,3696.07889456518,352.826122794063,0.693246753246753,0.306493506493506,0,0,2,2,2,1,2,0,1,1,3,1,0,1,3,2,1,3,0,0
142,142,4948.05540252026,1231.31247917157,7555.75214938892,274.028780268,70.5740454674,1796.85936257128,4637.4388625488,0.330454712888307,0.477796422870708,0.691622408771629,2.47690488636065,1874.60843987965,4268.52563202793,653.82000618966,0.781156632423362,0.218597798060001,0,1.23845244318033,0,0,4,0,0,0,0,0,4,0,2,0,4,4,3,1,0,3
301,301,3753.92357998353,831.740504628336,5760.15347379553,338.785551101,75.4537218391,1143.4744714559,3282.94548056085,0.414699570815451,0.419259656652361,0.989123480486244,2.68441434103688,1291.53467778574,3016.7475895389,461.61743250909,0.796271459227468,0.203594420600858,1.34220717051844,0,1,3,0,1,2,4,3,2,4,1,2,3,0,3,3,1,4,0
235,235,4394.48012821178,1170.38230062515,7330.44401875395,322.237057211,75.4386806692,1700.24864136825,4366.54424564613,0.406346693530978,0.433354920726296,0.937676426634195,3.60562659125387,1650.06663919895,4084.75292066708,496.874579701325,0.786116907725888,0.213979036242834,0.240375106083591,0.721125318250774,0,0,4,1,2,1,0,2,4,1,3,1,4,4,3,1,1,1
175,175,4449.08538679582,1166.6027119245,7357.60022230086,338.394654481,75.2240196085,1687.91498507407,4372.42022105882,0.412895955928384,0.435332415174659,0.948461317227495,1.25477390375043,1664.59832256795,4073.16640153393,511.476299256687,0.788932014523601,0.211168148240891,0,0.752864342250256,0,0,4,1,1,1,0,2,4,1,1,1,4,4,3,1,0,1
264,264,3733.420146576,1037.00413173614,6401.57324365203,319.057498278,75.7861253682,1514.86439872636,3824.90113469986,0.436362298218929,0.410210490162406,1.06375216793254,5.65575755111499,1404.71618340527,3619.42434504544,404.31122125966,0.801089249791473,0.199156076738138,0.245902502222391,0.737707506667173,1,1,2,1,2,2,2,2,4,1,4,2,2,2,3,1,1,1
226,226,4239.96793994418,1119.90968597133,7001.09825875983,329.6067933,75.5122175424,1655.76891999856,4200.51928525361,0.414442894777623,0.43161320316132,0.960218296711188,1.2429360886286,1634.71372912478,3907.43079109762,497.029404361283,0.787261738726174,0.21301720130172,0,0.932202066471452,0,0,4,1,2,2,0,2,4,1,1,1,3,4,3,1,0,2
109,109,3631.22141605384,1056.06963533729,6541.43890890063,298.229838069,75.2205654515,1888.86432399042,4163.93181712265,0.285786502653973,0.396466986828433,0.720833038180917,1.68918130429345,1796.21556733363,3889.89067384763,420.407301212449,0.665936473165389,0.333670345718538,0.281530217382241,0.563060434764483,2,1,2,0,1,0,1,0,3,0,1,0,3,3,0,4,1,0
117,117,3712.16534618958,1065.95010218685,6624.06613871762,283.011681782,74.8009860506,1867.34625283822,4164.71534772009,0.268208327682083,0.419537501695375,0.639295239634689,0.339800406435245,1788.11902092682,3909.71484581313,439.356771271899,0.665231249152313,0.334633120846331,0,0.67960081287049,1,1,2,0,1,0,1,0,4,0,0,0,3,3,0,4,0,1
266,266,3613.33338035824,1043.63037875042,6538.3232354392,296.447423419,75.4887245172,1861.17315488733,4120.90606792968,0.286121286121286,0.397435897435897,0.719918074756785,0.764490059145457,1780.31683243262,3862.39500052296,417.369025962518,0.664707977207977,0.334783272283272,0,1.27415009857576,2,1,2,0,2,0,1,0,3,0,0,0,3,2,0,4,0,3
108,108,3447.03715764406,985.697820058357,6729.38090901893,385.901919621,77.3430631343,1546.37284584411,3631.56658911198,0.509212673947063,0.305793467835569,1.66521763055082,1.99113362286693,1451.21959114516,3594.9639473014,352.211452703054,0.768715610223965,0.231486311396793,0.153164124835917,0.612656499343669,2,2,3,2,2,2,2,2,2,2,2,2,2,2,2,2,1,1
129,129,3492.6961933045,992.544927991687,6733.35112746899,390.534526008,77.4122893821,1574.29563823399,3657.21369108128,0.514091882512935,0.307817360448939,1.67011984562259,1.97678783560138,1485.52814769938,3602.03356787169,360.282760754136,0.771137823769403,0.229002860581808,0.263571711413517,0.527143422827035,2,2,3,3,2,2,2,3,2,2,2,2,2,2,2,2,1,0
218,218,3428.91303148962,975.295712366284,6627.16596588364,384.437120951,77.6808476696,1604.62166954974,3643.85753299738,0.486764487920557,0.312123906921595,1.55952324421862,1.91457746202379,1524.92491832772,3559.10364573225,356.8232551122,0.747932414406403,0.252052764191493,0.225244407296916,0.675733221890749,2,2,2,2,2,2,2,2,2,2,2,2,2,2,2,2,1,1
216,216,3548.79098879674,1025.7717252549,6553.79297683971,347.369917897,75.1119053133,1774.51651186849,4026.67156394667,0.369652848805728,0.369412189398953,1.00065146579805,1.51042752996772,1671.1777343163,3802.2555261953,380.578779562874,0.710847722760363,0.288971782684556,0.151042752996772,1.20834202397417,2,1,2,2,1,1,1,1,3,1,1,1,3,2,1,3,1,3
139,139,3976.69812375703,1057.92324547879,6782.12092949743,282.817219463,72.291076462,1755.78358003961,4161.5322164329,0.324317351107289,0.406256718985165,0.798306430272559,4.0990935093679,1782.48060844647,3872.63249746727,493.611232791859,0.711481401849065,0.288260589120619,1.94167587285848,0.862967054603769,1,1,3,0,0,1,1,0,4,1,4,0,3,4,1,3,4,2
240,240,3575.28689925303,1013.53336886924,6713.97071384853,358.499116098,76.5680515861,1654.9232048529,3836.87314424081,0.429979194555102,0.340773833524184,1.26177291873728,2.23548119509838,1571.44156985817,3751.73031881825,378.275315835781,0.730835604728804,0.269148267019338,0.298064159346451,0.745160398366127,2,1,3,2,2,2,2,2,2,2,2,2,3,2,2,2,1,1
128,128,4288.6519745981,1099.14187876379,7054.58671226415,302.967130798,69.4159568419,1684.22831056834,4242.57777091845,0.390294284944466,0.388168727359818,1.00547585994139,6.33694685413594,1712.79489747338,3986.42328516092,552.327971282029,0.756608687842409,0.242792563542197,2.41407499205179,1.20703749602589,0,0,4,0,0,1,0,1,3,1,4,1,4,4,2,2,4,3
200,200,4586.61984053809,1156.92037536632,7114.02094381253,253.369793503,71.0205278117,1858.45531149731,4512.8305258447,0.267010407110999,0.467054692689716,0.571689806975957,3.4894232101104,1980.97120286942,4125.67882917706,621.367197138033,0.714674342833644,0.284914433935406,2.22054204279753,0.951660875484655,0,0,4,0,0,0,0,0,4,0,3,0,4,4,1,3,4,2
201,201,4750.80257823405,1176.47496496157,7272.97922242494,267.916886504,69.9267256613,1808.51862726471,4552.39271891567,0.307978625391561,0.458374792703151,0.671892587232674,4.07091480251068,1922.20583299568,4181.85181739377,645.820544091646,0.742472821079786,0.257195503961673,2.59058214705225,1.11024949159382,0,0,4,0,0,0,0,0,4,0,4,0,4,4,2,2,4,2
232,232,3535.09263343838,991.492081924849,6695.02283609204,348.912994147,76.2152844819,1606.05881201217,3762.59099085226,0.43224772338964,0.331706973385236,1.30310110450297,2.25362517250256,1545.70123146492,3679.3033255658,376.974322439904,0.727194264879432,0.272929033167175,0.346711565000394,0.520067347500591,2,2,3,2,2,2,2,2,2,2,2,2,2,2,2,2,2,0
209,209,3893.53244501605,1048.65411028234,6760.84715043815,296.258091312,74.1852901124,1754.64804878259,4095.18509446129,0.339733618510597,0.402586039276687,0.843878290268051,1.45919445180444,1771.292179423,3865.65758137459,468.731560453375,0.714466264825977,0.285606649815283,0.729597225902221,0,1,1,3,0,1,1,1,1,4,1,1,0,3,3,1,3,2,0
155,155,3552.17086585376,1026.69185839594,6618.78482190823,355.942604298,75.504078859,1741.02814455849,3992.84532683661,0.38226151827036,0.371330386129723,1.02943775287169,1.56011155460434,1628.09294327765,3801.69464367732,374.808421644934,0.722352697382054,0.277509152448712,0.173345728289371,0.520037184868113,2,1,2,2,2,1,1,1,3,1,1,1,3,2,2,2,1,0
247,247,3556.60844089173,1003.2765793304,6660.88227042963,348.225756729,75.9135551736,1674.63303538592,3911.04407042692,0.399390190477859,0.342141693097587,1.16732394366197,2.09864159617897,1593.61131519135,3787.45700431135,375.739168342939,0.710217814148282,0.289764662589588,0.349773599363162,0.699547198726324,2,1,2,2,2,1,1,2,2,1,2,2,3,2,1,3,2,1
162,162,1877.32116244088,631.871597088579,5139.64190945902,471.061278151,82.0083728405,851.325851066058,2081.06921170287,0.828140589282782,0.152675515590861,5.42418727769046,3.26975734891552,646.869983740923,2334.04123012787,138.702224910982,0.915787878405173,0.0839216478700698,0.261580587913242,1.70027382143607,4,4,0,4,4,4,4,4,0,4,3,4,0,0,4,0,1,4
174,174,2257.15622693606,736.384238417587,5731.64499472797,452.74387185,81.2197594484,1076.36310157112,2576.49893526014,0.732867496045891,0.183163759118057,4.00115994329166,2.55512137661012,867.569424647085,2753.30276506731,180.108731170395,0.867283586317604,0.132586577276268,0.243344893010487,1.70341425107341,4,4,0,4,4,4,4,4,0,4,2,4,0,0,4,0,1,4
177,177,2742.27386960246,856.011060556974,6317.86628224685,401.717154406,79.2324492142,1354.70202832666,3187.08645841649,0.590511173970748,0.236362661375732,2.4983268107311,3.22830532166389,1167.33457744824,3237.72823914345,244.445381873706,0.798023943265454,0.201707935060931,0.672563608679978,1.47963993909595,4,3,2,3,4,3,3,4,0,4,3,4,1,0,3,1,2,4
184,184,2021.7097165132,696.705687051297,5436.50430667568,455.894003383,80.3713071998,1005.53835052073,2412.75920520547,0.756281216172589,0.170822492736009,4.42729294052251,3.75027082678138,765.634983693541,2647.07999671342,154.414150756062,0.87964563116015,0.120259414702699,0.673125533012043,1.53857264688467,4,4,0,4,4,4,4,4,0,4,3,4,0,0,4,0,2,4
203,203,2499.32220934781,782.352691521608,6021.0536681145,448.610056277,81.9431373704,1163.41295054835,2712.10865731852,0.694135875416897,0.21966175582342,3.16002151951701,4.1936640811033,954.026328635804,2927.15517750337,209.524644045878,0.84779012053888,0.152104834685785,0.946956405410421,1.62335383784644,4,4,1,4,4,4,4,4,0,4,4,4,0,0,4,0,3,4
281,281,2338.62443869732,796.104042342505,6089.42987226581,428.145508106,78.8344012302,1177.50114257013,2796.06410023804,0.702669247168162,0.192525714959377,3.64974230749605,4.73046855485793,921.424184233225,3010.97414714313,187.543598252812,0.85578009411626,0.14407254221969,1.08406571048828,1.77392570807172,4,4,1,4,3,4,4,4,0,4,4,4,0,0,4,0,3,4
145,145,2894.88828527604,863.329043854781,6195.63118682186,448.437190846,80.7658304421,1564.0327519471,3453.48309346028,0.425081210463327,0.252624380235938,1.68266107200866,1.54285960426218,1416.37870006912,3375.67171420369,257.503473158542,0.635681313044965,0.364028038981022,0.34285768983604,1.02857306950812,3,3,2,4,4,2,2,2,0,2,1,2,2,1,0,4,2,2
168,168,2832.81155681906,833.413751501011,6215.49431429899,403.632585093,79.3859186212,1441.75021186418,3359.50322932538,0.499388127169651,0.24212682000949,2.06250644662197,8.50879958451315,1273.98732292351,3362.34705208468,247.998721631344,0.696036562523414,0.303913488674109,2.5025881130921,1.50155286785526,3,3,2,3,4,2,2,2,0,3,4,3,2,0,1,3,4,4
181,181,2321.26119406124,668.331665484764,5387.93657660439,431.169311804,79.5313572503,1004.17417601018,2533.20646486238,0.708176785552228,0.203103729921045,3.48677390527257,9.08343464426729,870.909652542231,2662.17184024447,191.3428564427,0.845085760958345,0.154805336237408,2.36169300750949,1.9983556217388,4,4,0,4,4,4,4,4,0,4,4,4,0,0,4,0,4,4
283,283,2275.16128713263,746.82627085779,5877.61566565365,413.81549274,78.4749899469,1095.64685146467,2659.72937236557,0.724182987557891,0.180054878845512,4.02201257861635,7.41182492749231,876.194161705902,2901.90934958317,184.633725289547,0.851899708183917,0.148027700750592,1.88928870700784,1.16263920431252,4,4,1,3,3,4,4,4,0,4,4,4,0,0,4,0,4,2
188,188,3239.9555174154,938.879747452625,6501.33592106132,353.977104476,76.729672165,1529.95097184905,3573.89224520181,0.480272906387898,0.306661456043509,1.56613391387458,2.6107973435502,1437.01799516249,3486.77914126716,339.030133254037,0.759660006838943,0.240356276358426,1.3053986717751,1.63174833971888,2,2,2,2,2,2,2,2,2,2,2,2,2,2,2,2,4,4
202,202,3412.11615956327,971.599286838661,6545.1445413144,325.847233652,74.4099913796,1600.51902596709,3743.36178126212,0.434278948463175,0.33339733435735,1.30258674473293,4.82558800974295,1517.69922444229,3613.11701349249,378.592388627258,0.744347909566553,0.255572089153426,1.76938227023908,1.28682346926479,2,2,2,1,1,2,2,2,2,2,4,2,2,2,2,2,4,3
131,131,2633.9120364325,858.652048132631,6260.20398525083,379.532824975,76.2016621193,1337.11538820137,3131.81281987135,0.609831065227593,0.227627874237447,2.67907024686904,4.94695887205502,1108.86602719289,3247.29557180169,237.578957594736,0.813010323791647,0.186801970905678,1.53120155563608,1.76677102573394,4,3,2,2,2,3,3,4,0,4,4,4,1,0,4,0,4,4
122,122,3773.24026049964,1009.60405310229,6658.76143320137,337.507254595,73.7472549127,1747.70475184693,4051.79502274352,0.359362458433666,0.364828192485571,0.985018334206391,9.56623888496342,1755.331044424,3778.2605211878,448.582518461358,0.700951725719528,0.298360279784428,4.59179466478244,1.14794866619561,1,1,2,1,0,1,1,1,3,1,4,1,3,3,1,3,4,2
260,260,3247.97236723223,927.280749669172,6514.19695619608,352.877632665,74.0262548116,1513.14924935241,3578.17635158429,0.514673474872346,0.291480784735286,1.7657200811359,6.19000808515313,1424.98127691272,3490.65261532694,344.856100877362,0.770142434829347,0.229535071217415,2.15304629048804,1.07652314524402,2,2,2,2,1,2,2,3,1,2,4,2,2,2,2,2,4,2
105,105,3132.03994759175,934.940340610487,6236.56464709768,339.988367381,77.1243824554,1766.1880371889,3820.81864628251,0.37209774314012,0.354440655950641,1.04981676591846,0.811615529235666,1654.85170536966,3624.63151571263,316.583359729834,0.708921902906316,0.291037506088651,0.405807764617833,1.62323105847133,2,2,2,1,2,1,2,1,2,1,0,1,2,2,1,3,2,4
103,103,3339.28624285614,940.650897223924,6351.02496361318,353.692208916,77.2971477514,1737.33504792134,3848.57913595032,0.3943763518385,0.347801009372747,1.13391376451078,0.479786038417445,1696.69636069411,3651.52988707623,351.955855156322,0.715404950732997,0.284739245373708,0.479786038417445,0.95957207683489,2,2,2,2,2,1,2,1,2,1,0,1,2,2,1,3,2,2
116,116,2892.39994140652,866.868825295546,6162.15045721525,416.019260934,78.7232253244,1597.86428602975,3494.27201641909,0.39763818271281,0.253255699524356,1.5701055631112,1.3153548550849,1448.18756590264,3417.98840750381,260.66756430678,0.61686075118911,0.383024438248319,0.328838713771224,0.986516141313671,3,3,2,3,3,2,2,1,0,2,1,2,2,1,0,4,1,2
278,278,2917.37900702015,864.239293723631,6203.0213181243,429.256748258,79.4362697362,1571.47263054859,3456.43475807613,0.414973882762623,0.253031324998824,1.64000991878991,1.41509962298163,1432.71388375025,3386.16493763779,262.511980844731,0.629260717478942,0.370519678122696,0.314466582884808,0.943399748654423,3,3,2,4,4,2,2,2,0,2,1,2,2,1,0,4,1,2
265,265,3569.20424016225,993.307346332768,6498.7642879774,342.567467162,76.5335041578,1794.14965127474,4022.09124866449,0.362444322106001,0.379810820279265,0.954275925681908,1.49922715404668,1765.49490321948,3759.08129277152,401.132235549337,0.724538311395826,0.275361593513838,1.49922715404668,0.999484769364453,2,2,2,2,2,0,1,1,3,1,1,1,3,2,2,2,4,2
271,271,2838.01610995317,874.526389334501,6064.1428525505,395.604844774,77.8471240008,1665.12140820438,3589.59626916208,0.3585025502839,0.255952266384371,1.40066175364717,2.31647479148101,1488.57516593931,3492.90056102306,256.441405302981,0.589028967375614,0.410913290347416,0.386079131913502,0.965197829783754,3,3,1,3,3,1,2,1,0,2,2,2,2,1,0,4,2,2
272,272,3306.04430544219,926.048502695291,6402.3974659245,354.148927368,77.5452306543,1651.33177563135,3784.69083435722,0.409172552865596,0.340356367563279,1.20218862304529,1.32709215403971,1620.70046188144,3560.09501082771,346.305614256815,0.72389778399762,0.27596998314031,0.110591012836643,1.548274179713,2,2,2,2,2,2,2,2,2,2,1,1,2,2,2,2,1,4
289,289,3602.61566317786,957.066998938919,6620.84078129703,334.641927611,73.8259402242,1602.91452114636,3880.96363349682,0.410983155723616,0.354142316947405,1.16050281498738,2.5892762741782,1595.91937578103,3667.67752456328,404.494226906339,0.738913716053627,0.260794087315229,0.863092091392735,1.72618418278547,2,2,2,1,0,2,1,2,2,1,2,2,2,2,2,2,3,4
112,112,3467.8237265436,938.633338050439,6567.43723705207,345.915186067,73.5827230285,1562.73342455626,3792.76730018519,0.444912796318496,0.327081480335667,1.36025065027193,2.13585429590904,1519.21780971859,3624.38470467278,376.93081994952,0.747206001778878,0.252445956920221,0.970842861776835,0.970842861776835,2,2,2,2,0,2,2,2,2,2,2,2,2,2,2,2,3,2
130,130,3202.78423577723,911.211004699837,6327.5832926756,352.078015692,78.1772788569,1656.36227604054,3745.08353180484,0.412489351208358,0.325572792897816,1.2669650542262,1.23617879955055,1610.16537399232,3532.84287351849,328.933579303486,0.712258440568533,0.2875622113617,0.224759781736464,1.01141901781409,2,2,2,2,3,2,2,2,2,2,1,2,2,2,1,3,1,2
136,136,3156.71213820978,921.103125375022,6276.18904028896,345.557828959,78.3495231055,1706.23010717612,3770.00650093417,0.397676639083386,0.329805856142584,1.20579010856454,1.32792887044963,1630.75043346039,3565.34962585804,324.229495289472,0.701994483343942,0.297753553999576,0.265585774089925,1.32792887044963,2,2,2,2,3,1,2,1,2,2,1,1,2,2,1,3,1,3
149,149,3244.93992020591,929.643779574638,6355.47594820041,358.703810259,78.4139487844,1682.76834456339,3778.87227463737,0.413965493478343,0.327097768478029,1.26557113307286,1.25489608035427,1627.83252853009,3571.46099085313,337.668770448108,0.711656287980354,0.288243475210184,0.250979216070855,0.752937648212564,2,2,2,2,3,1,2,2,2,2,1,1,2,2,1,3,1,1
152,152,3425.50773396818,947.81260302476,6466.9777093349,339.317540856,76.4462891116,1669.10421604179,3854.89664591212,0.385443150898791,0.362728043177662,1.06262297097885,1.68577952230495,1647.43090883026,3626.96923705512,372.085528109729,0.724129086935189,0.27578170301976,0.224770602973993,1.91055012527894,2,2,2,1,2,1,2,1,2,1,1,1,2,2,2,2,1,4
157,157,3252.71463597464,898.174251116627,6455.40759928465,355.105042141,74.2650593641,1519.08818607258,3644.43770796672,0.47067385746543,0.302517401608599,1.55585713404478,2.43733934701334,1460.44988585984,3507.89843655297,328.798699230233,0.74788661429078,0.2519081120421,1.31241349454565,1.31241349454565,2,2,2,2,1,2,2,2,2,2,2,2,2,2,2,2,4,3
158,158,3193.68224985872,892.853188644826,6332.67537308768,357.162772335,77.2978307771,1614.83622821844,3699.56264621291,0.429690297688496,0.323090785172179,1.32993671564947,2.20068014173273,1578.59609285208,3489.30061365737,321.818306916615,0.725368789492532,0.274550348285143,0.463301082470049,1.8532043298802,2,2,2,2,2,2,2,2,2,2,2,2,2,2,2,2,2,4
275,275,3169.11394523361,884.867562486723,6326.92084855333,353.379427485,76.682663253,1597.46420367466,3671.69022080746,0.440162777177975,0.318245992857736,1.38308977035491,1.38830683130419,1555.64033818545,3472.3042210107,315.002962872003,0.730254962212441,0.269551255432827,0.694153415652094,1.52713751443461,2,2,2,2,2,2,2,2,2,2,1,2,2,2,2,2,2,4
190,190,3135.3300763017,895.664548591011,6273.99008060621,352.885025951,77.8166936851,1651.90203577383,3709.72437128623,0.412372038241301,0.319788495031889,1.28951492829716,1.88488106032976,1596.46540372431,3500.20812671887,314.470237866554,0.706749865303412,0.293049656053829,0.376976212065951,1.25658737355317,2,2,2,2,3,2,2,2,2,2,2,2,2,2,1,3,2,3
192,192,3423.37850870328,931.326682836563,6495.85051919285,341.80707691,75.1559919183,1610.12541731908,3801.83439706029,0.414052908411843,0.348311557399294,1.18874295043039,2.07634250263639,1594.99284970203,3588.03161801765,368.098073967251,0.736711510875044,0.263430646557852,0.648857032073871,1.81679968980684,2,2,2,2,1,2,2,2,2,1,2,2,2,2,2,2,2,4
197,197,3336.91788231601,912.554016630502,6473.27270780706,345.072383151,74.6167562689,1567.19097415891,3720.849964039,0.440447948132322,0.328372504236352,1.34130581108369,2.3672586110269,1538.11876666098,3539.01913908963,346.881919201332,0.742695056361895,0.257378619317763,0.739768315945906,1.77544395827017,2,2,2,2,1,2,2,2,2,2,2,2,2,2,2,2,2,4
204,204,3186.69726832172,884.383750296937,6360.79737122894,353.668401965,75.938063819,1570.38558717342,3656.99609494075,0.451230952922447,0.313551853536502,1.43909515390544,2.70862938261605,1529.79241217319,3468.58889556123,315.86279054313,0.737335114851035,0.262352171935411,0.99791608833223,1.71071329428382,2,2,2,2,2,2,2,2,2,2,2,2,2,2,2,2,3,4
239,239,3188.83407934604,905.637446460027,6311.34704919873,348.448438954,78.0316927779,1654.834812705,3737.99295598851,0.410866327279194,0.324500366805238,1.26615057888607,1.33736221106472,1610.2509362969,3522.3659687914,326.959545200976,0.711079741235578,0.288697952559856,0.11144685092206,1.1144685092206,2,2,2,2,3,2,2,2,2,2,1,2,2,2,1,3,1,2
211,211,3280.34619016138,906.880932823723,6409.7386484213,343.659539406,76.0945237982,1603.70783550147,3713.82910434556,0.429199964083685,0.319403789171231,1.34375351399978,2.34151763278438,1568.81677355995,3513.15759799695,339.876010044136,0.720014366525995,0.279644428481638,1.08070044590048,1.44093392786731,2,2,2,2,2,2,2,2,2,2,2,2,2,2,1,3,3,4
229,229,3293.02616320991,911.573178291395,6401.35381766502,351.892401943,76.5850379676,1615.22929784483,3748.85816573641,0.417415958792698,0.338649918669799,1.23258839226151,1.92738848179207,1589.07755827193,3536.9247185855,341.418699328108,0.729610970540394,0.270501988071571,0.45350317218637,1.92738848179207,2,2,2,2,2,2,2,2,2,2,2,2,2,2,2,2,2,4
171,171,2574.38154599909,796.27336921471,6483.56219054619,462.489681819,81.3909249164,1074.84173277065,2692.41433833458,0.767733972264576,0.181133376896827,4.23850085178876,1.99975471750362,900.839432916454,2891.14118805447,199.391861964683,0.889530240325274,0.110288245117258,0.363591766818841,1.45436706727536,4,4,2,4,4,4,4,4,0,4,2,4,0,0,4,0,2,4
125,125,3269.05378977099,913.35540730491,6534.97105268063,387.5663089,78.3465891846,1510.03824617926,3425.45022141047,0.486436589941339,0.286871333710508,1.69566119991696,1.6334320154637,1450.1115545767,3402.97140683759,331.029100824911,0.725828544203913,0.274111901855105,0.125648616574131,0.753891699444786,2,2,2,2,3,2,2,2,1,2,1,2,2,2,2,2,1,1
147,147,3326.39862401546,921.407886805376,6545.08338005345,380.466117968,78.2811737837,1536.44289339863,3472.90959719772,0.457804457285516,0.309555533738201,1.47890897557881,1.21646620743018,1491.85827617992,3425.36173761416,343.700437378488,0.716096999957924,0.283804821947012,0.221175674078215,0.44235134815643,2,2,2,2,3,2,2,2,2,2,1,2,2,2,1,3,1,0
153,153,3144.41316410801,831.398619069065,6782.9114790428,446.837997281,79.8371113676,1127.30956653503,2862.82160509406,0.719918810436052,0.221378398102536,3.25198310497579,2.28311432762179,1102.24526792703,2951.588188299,279.507765658474,0.857074438970991,0.142971173143587,0,1.1415571638109,2,3,3,4,4,4,4,4,0,4,2,4,0,1,4,0,0,2
159,159,2787.64139455286,846.568405581348,6483.8367134154,441.418319243,81.4764092199,1263.44598246819,2963.50092123823,0.658032233986675,0.244560860310176,2.69066862601029,4.01986877704247,1062.85451826089,3159.09384779538,237.922357700759,0.831476515633207,0.168509661902524,0.970313153079218,1.24754548253042,3,3,2,4,4,4,4,4,0,4,4,4,1,0,4,0,3,3
166,166,3435.98603426509,969.89114147437,6590.60116522373,376.502902686,77.9774214428,1626.26667159821,3637.04297071073,0.448922806780577,0.332680488957925,1.34941128704832,0.885773816276215,1563.85276618904,3547.11018849078,365.507180362725,0.730951576956845,0.268926858918079,0.196838625839159,0.688935190437056,2,2,2,2,3,2,2,2,2,2,0,2,2,2,2,2,1,1
198,198,3197.18538081235,896.628184636999,6559.59907393424,401.331231688,78.5514200042,1438.49182501025,3305.54459365415,0.533159769799945,0.274955467251302,1.93907680807326,2.29678723364245,1361.19492000868,3327.76012657463,312.032037041506,0.753751027678816,0.246163332419841,0.164056230974461,1.14839361682123,2,2,2,3,3,2,3,3,1,2,2,2,2,1,2,2,1,2
199,199,3272.77892223131,905.348363706565,6608.89045847503,408.877109965,78.4551924281,1438.50567593483,3350.35578472902,0.555451903412149,0.26979656273546,2.05878050402287,2.15460632790329,1388.90240284141,3317.48793504857,324.213048462002,0.767805245595781,0.232087115639912,0.153900451993092,0.923402711958552,2,2,2,3,3,2,2,3,1,3,2,2,2,2,2,2,1,2
250,250,4990.44538090001,1216.71047609244,7437.85306375111,267.407405212,70.5183700615,1849.64533358215,4671.85413316442,0.286060844479413,0.490099659061107,0.583678929765886,1.53622406635581,2017.91483161685,4236.31289079972,702.709091525311,0.749366203339453,0.250458956202465,0.219460580907972,0.658381742723917,0,0,4,0,0,0,0,0,4,0,1,0,4,4,2,2,1,1
172,172,3458.42432428392,963.352064838209,6529.84535280033,352.242941369,77.148379413,1665.73368833682,3855.73441602884,0.410825166454702,0.356088376848458,1.15371686683707,1.76023534091546,1629.82044668557,3631.32119278709,372.190867616012,0.737026508067131,0.262848806762924,0.377193287339026,1.25731095779675,2,2,2,2,2,1,2,2,2,1,1,1,2,2,2,2,2,3
183,183,4666.35104726461,1150.10231436018,7383.74377913299,333.007527834,72.696408159,1678.88720831283,4381.44485832832,0.3827202159973,0.451527168410395,0.847612818835841,1.49969916521612,1768.81327450303,4043.258805774,593.706767526289,0.777442625717178,0.222473000337496,0.428485475776035,0.428485475776035,0,0,4,1,0,1,0,1,4,1,1,1,4,4,3,1,2,0
210,210,3224.17900463847,945.180499946754,6383.78208195419,367.966899937,77.5562781516,1693.92025172273,3774.99628759927,0.412803447081907,0.325549186319394,1.26802174426849,0.773432176974268,1596.90809206553,3606.94354423539,328.782831844786,0.708036779132844,0.291693917593198,0.193358044243567,0.773432176974268,2,2,2,2,2,1,2,2,2,2,0,2,2,2,1,3,1,1
213,213,4598.99445075918,1151.46529451459,7444.59805310485,361.891967669,74.223229613,1625.04366504284,4346.68482593074,0.418033668006794,0.435899640960592,0.95901356350185,1.08294263087856,1664.85163808585,4035.22468942052,541.732045731553,0.794358566422291,0.205641433577709,0.433177052351424,0.216588526175712,0,0,4,2,1,2,0,2,4,1,1,1,4,4,3,1,2,0
215,215,4845.470158259,1181.67115980367,7491.21382077088,310.669753993,71.3451272533,1699.49940326382,4497.06780532675,0.381609678011914,0.460938935103787,0.827896384856248,1.31963991421965,1819.2232856877,4118.04041553664,627.5792266212,0.790143543181043,0.209646521636445,0.263927982843931,0.527855965687861,0,0,4,0,0,1,0,1,4,1,1,0,4,4,3,1,1,0
277,277,3407.20843562925,973.535655447717,6477.81740062682,360.113640599,77.2684142031,1635.73146800993,3784.63340835531,0.42990188646553,0.329752442009053,1.30371100164204,1.52341341199422,1559.61271008353,3619.70142436353,362.940375117097,0.725022200082303,0.274652920664486,0.435260974855491,0.435260974855491,2,2,2,2,2,2,2,2,2,2,1,2,2,2,2,2,2,0
219,219,4356.93435947235,1120.65051456737,7288.30460882481,353.475310668,74.7913990774,1625.66424785313,4220.16411972021,0.415893988564364,0.424721835883171,0.979214990676309,1.17734855264741,1623.39062464493,3963.95309713918,503.390369482651,0.786895379384948,0.212950084994591,0.196224758774568,0.392449517549136,0,0,4,2,1,2,0,2,4,1,1,1,4,4,3,1,1,0
225,225,3806.27673605623,1026.678325309,6858.85574203637,347.065078644,76.7342357555,1629.67523156656,3981.21424593953,0.423346891142803,0.368600799739141,1.14852407114256,1.5615086048503,1593.76361421653,3761.79606633112,419.227784728195,0.754964046062229,0.244606909334294,0.347001912188956,0.694003824377912,1,1,3,2,2,2,1,2,3,1,1,2,3,3,2,2,2,1
274,274,3153.72907538571,935.627235778939,6295.34107032991,352.182643131,77.4811565076,1729.69769725752,3785.12849904763,0.39844871547642,0.325319791733625,1.22479088454192,0.645631740070138,1623.96831065351,3602.27557595193,319.438024077792,0.6972423989201,0.302736174498082,0.215210580023379,0.860842320093517,2,2,2,2,2,1,2,1,2,2,0,1,2,2,1,3,1,2
236,236,3116.72575642836,953.224939196023,6279.28074181453,347.002710507,76.5422091258,1768.22792288811,3805.80763845405,0.388770316860942,0.338819569857166,1.14742580254391,0.802903508090674,1618.59246688329,3633.94850924182,312.347759089538,0.707026760794615,0.292932195041865,0.401451754045337,0.802903508090674,2,2,2,2,2,1,2,1,2,1,0,1,2,2,1,3,2,1
164,164,3102.73271158121,904.890186364117,6235.75614155581,348.471794837,77.9146902108,1693.54985627183,3743.64679351438,0.394559474510924,0.325660431243753,1.21156713145663,1.71701713242669,1614.81514570581,3537.89617661359,310.65477110112,0.695473368556333,0.304369555904612,0.572339044142231,1.14467808828446,2,2,2,2,3,1,2,1,2,2,1,2,2,1,1,3,2,2
287,287,3103.47110894405,916.143021342195,6238.85824498729,343.806639954,78.1852933233,1714.08085536381,3756.27793142652,0.396334745433949,0.326179724717968,1.2150808753568,1.08781558717925,1622.43635830405,3562.45220186786,312.002535037078,0.697081141473861,0.302670577099142,0.310804453479786,0.932413360439359,2,2,2,2,3,1,2,1,2,2,1,1,2,1,1,3,1,2
114,114,4775.91694398049,1166.44045484941,7235.93286325998,274.811961541,71.677891968,1841.15467580805,4567.6548936539,0.274030189616333,0.47604519573585,0.575639019300991,1.42356047952862,2015.36195147078,4146.61295665734,671.343403081177,0.722759281267184,0.277134292353265,0.177945059941077,0.711780239764309,0,0,4,0,0,0,0,0,4,0,1,0,4,4,2,2,1,1
115,115,4073.62372085529,1046.03380057871,6821.29410026343,297.775657095,73.5955075364,1753.15029838829,4208.7508760395,0.31994005542046,0.421874116382967,0.758378016085791,1.99572288365087,1826.04137249488,3885.57078292188,517.594146094838,0.717595996154499,0.282418141718034,0.570206538185962,1.28296471091841,0,1,3,0,0,1,0,0,4,1,2,0,3,4,1,3,2,3
118,118,5013.88878059685,1224.28689353032,7414.20766927845,260.999195647,70.678480164,1896.22035577973,4735.43398674381,0.265443371887411,0.492564570832246,0.53890065913371,1.74251064179846,2062.27186131431,4274.06224801055,717.635556223405,0.739049772443981,0.260747311360408,0,0.871255320899232,0,0,4,0,0,0,0,0,4,0,1,0,4,4,2,2,0,2
6,6,2806.81579119894,737.027517680463,6063.24972810716,479.981196471,80.8750880899,1030.4265635646,2535.81037702382,0.720151317785193,0.249549437019325,2.88580622095102,8.74509691861764,973.264479052801,2661.92386745401,247.463128067244,0.870041576702771,0.129833514748131,1.42777092548859,1.60624229117467,3,4,1,4,4,4,4,4,0,4,4,4,0,0,4,0,4,4
15,15,3016.06108947918,946.833616481922,6019.08197419881,340.982684262,75.2208118804,1744.42293468725,3641.05378181684,0.319370668285526,0.389082814792331,0.820829541021974,0.858342922414078,1554.17866016668,3492.53453979351,301.971419594413,0.690038953811909,0.309809278089746,0.429171461207039,0.429171461207039,3,2,1,1,1,1,2,0,3,1,0,2,2,1,0,4,2,0
380,380,3997.84064981218,893.120224760922,6120.49475800354,335.322913873,75.1377060706,1227.39999129211,3506.28819154241,0.417088607594937,0.421392405063291,0.989786722739561,2.5340494941974,1379.93189618475,3221.37543576685,494.018678982793,0.799367088607595,0.200506329113924,1.2670247470987,0,0,2,1,1,1,4,2,2,4,1,2,2,1,4,3,1,4,0
23,23,4237.29332026159,1157.2287610105,7141.55623098495,311.814233377,75.7774151925,1709.70608496186,4293.74218446446,0.406480838030525,0.430159833217512,0.944953030575001,3.87160206222998,1631.26860148702,4028.22785872479,478.423030829246,0.782976861503616,0.217151828687617,0.516213608297331,0.774320412445996,0,0,4,0,2,1,0,2,4,1,3,1,4,4,3,1,2,1
32,32,4025.75042799908,1066.85483795469,6854.23863552674,304.293672728,70.8972608759,1709.26707815712,4143.02862005603,0.376771833561957,0.382761774119799,0.98435073467925,6.22689074213411,1710.2865570848,3895.79598702418,500.869391055814,0.738797439414723,0.260859625057156,3.45938374563006,1.38375349825202,0,1,3,0,0,1,1,1,3,1,4,1,3,4,2,2,4,3
24,24,2116.72083401909,731.510285995063,5693.92833280752,448.634142404,79.8411628165,1063.47582691047,2548.24714279396,0.741026294133783,0.177847878051648,4.16662994381404,4.42222262728668,805.406284966921,2799.59687819247,161.42098237178,0.871634860300168,0.128208393745836,0.884444525457336,1.86716066485437,4,4,0,4,4,4,4,4,0,4,4,4,0,0,4,0,3,4
22,22,2841.3786364393,871.096392005107,6348.08645883661,395.017049952,78.945483775,1394.9577385744,3264.6058595842,0.565796916472073,0.249263927364497,2.26987082509019,2.47301024162743,1232.55855592739,3279.58281724687,262.815931168202,0.785893512408082,0.213917936966075,0.727355953419833,1.45471190683967,3,3,2,3,3,3,3,3,0,3,2,3,2,1,3,1,2,4
12,12,3705.20470370424,986.964291542484,6629.95196317981,332.76636195,74.3726853093,1709.96899723854,3982.07195376371,0.378726536621274,0.353484235063182,1.07140997830803,3.68277273524482,1726.40309260923,3704.11835648727,433.477975604957,0.704361428045639,0.295485216537848,2.76207955143361,1.22759091174827,1,2,2,1,1,1,1,1,2,1,3,1,3,3,1,3,4,3
2,2,3489.2536068857,937.459168512241,6568.27695342272,341.691234942,74.0701875109,1576.69128267489,3804.80446146126,0.429722068584071,0.337423949115044,1.27353754738244,2.25797498121132,1554.48212546603,3613.34510266899,378.908628786406,0.740787472345133,0.258970547566372,0.694761532680405,1.73690383170101,2,2,2,2,1,2,2,2,2,2,2,2,2,2,2,2,2,4
18,18,3183.43177619701,886.985708503274,6335.41517092812,356.775519482,76.7091412269,1597.67510882437,3680.0086923772,0.439081296019869,0.321483674314171,1.36579655858598,2.13831005905123,1559.94494513246,3475.57510918055,317.664306927059,0.732730397260446,0.267106534037456,0.628914723250361,1.63517828045094,2,2,2,2,2,2,2,2,2,2,2,2,2,2,2,2,2,4
1,1,3428.16766370087,963.022583241768,6615.43394186039,386.699737886,77.9568722679,1591.59788893423,3605.621049814,0.488418947337461,0.314534037265254,1.55283336450346,1.32474343776891,1532.27323244389,3515.14962750097,360.329670909386,0.749834556390535,0.250091913116369,0.110395286480743,0.772767005365198,2,2,2,2,3,2,2,2,2,2,1,2,2,2,2,2,1,1
8,8,3618.50201185111,1000.47912846744,6693.80237502388,348.413841475,77.3114279679,1634.1102803575,3891.05366618401,0.428510340538019,0.342170735499922,1.2523290161327,2.1442077595578,1591.30314318318,3698.86969425882,391.872375702694,0.735461048048515,0.264208521225315,0.389855956283236,0.779711912566472,2,1,3,2,2,2,1,2,2,2,2,2,3,2,2,2,2,1
5,5,3177.82332802495,940.705896502117,6329.15997006703,357.734360164,77.3118800564,1720.41815476205,3784.84480211896,0.404819702520192,0.3245575318886,1.24729720541239,0.665616258202798,1613.99504754133,3608.38238966095,322.336256332889,0.701880213620515,0.297921172264642,0.221872086067599,0.887488344270397,2,2,2,2,2,1,2,2,2,2,0,2,2,2,1,3,1,2
60,60,4381.47999661466,1105.29901413485,7033.32578252104,298.873492928,73.048871497,1781.06845112049,4342.13663408786,0.314070169849843,0.450022443926384,0.6978989027961,1.61465412512377,1880.82965107744,3991.35352825206,581.964883211203,0.731324481255702,0.268762398459333,0.29357347729523,1.02750717053331,0,0,4,0,0,1,0,0,4,0,1,0,4,4,2,2,1,2
44,44,2980.43385210997,844.348809871745,6379.96852094384,485.385788132,81.9660934778,1425.52943166629,3259.71582499086,0.509764225311739,0.241221155224308,2.11326500297089,1.61546884227164,1328.28392831828,3220.88280385328,260.759142538609,0.692883760928766,0.306919162964025,0.179496538030182,0.897482690150909,3,3,2,4,4,2,3,2,0,3,1,3,1,1,1,3,1,2
54,54,2136.80003488295,528.344476039091,4628.56269954449,483.148671706,81.5138639175,693.668070782957,1840.22362258409,0.738624663176112,0.204372686047276,3.6141065494694,2.41546453377211,707.336848920034,1916.94419760559,181.980973300189,0.856507547045808,0.143120029793853,0.439175369776747,0.878350739553494,4,4,0,4,4,4,4,4,0,4,2,4,0,0,4,0,2,2
56,56,2744.28019188447,788.44821359063,6420.94636688268,505.026028816,81.7278923665,1095.67090132938,2729.61931607624,0.680362639837826,0.212103010736542,3.20769911504425,2.25128280454251,950.297967135016,2931.33114956854,220.690508713516,0.816146107065095,0.183760042045199,0,0.938034501892711,4,4,2,4,4,4,4,4,0,4,2,4,0,0,4,0,0,2
83,83,2765.5702740386,809.601430117635,6195.27745227502,430.8877104,80.3813558141,1217.71560170223,2862.44345793458,0.644755193868022,0.25704340654676,2.50835142021327,5.98680373035596,1055.00983348127,3022.50708957365,244.347929906196,0.826034225558803,0.174002158805623,0.977437343731586,1.46615601559738,4,3,2,4,4,4,4,4,0,4,4,4,0,0,4,0,3,4
46,46,3416.78455897227,998.663658332514,6260.55485319038,336.443518351,74.8014515853,1762.01729728443,3918.32844942268,0.34993894993895,0.378021978021978,0.925710594315245,1.38061662997862,1656.84091621926,3666.08426473198,371.112085004883,0.701190476190476,0.298443223443223,0.306803695550804,0.76700923887701,2,2,2,1,1,1,1,1,3,1,1,1,2,2,1,3,1,1
45,45,3609.16378831954,1038.60698417944,6538.68081809764,292.739504241,75.3580273317,1850.58301132665,4105.48482557506,0.286706616118381,0.398752598752599,0.719008771391768,0.734819848021692,1774.63008307819,3852.14642370063,416.557506829881,0.666014430720313,0.333887733887734,0,1.22469974670282,2,1,2,0,2,0,1,0,3,0,0,0,3,2,0,4,0,3
52,52,3516.13307602939,997.885197584913,6544.4671140758,326.629518596,75.2328789773,1739.70836776902,3970.20418310769,0.354686811883871,0.35077407771266,1.0111545704766,1.86598588141541,1665.8431863497,3788.53420369528,381.106781447495,0.681611843219621,0.318167959619228,0.169635080128673,1.35708064102939,2,2,2,1,1,1,1,1,2,1,2,1,3,2,0,4,1,3
352,352,3095.04113305915,937.386099062455,5781.51974445292,336.357718979,74.2565333899,1673.8444284893,3623.33023191819,0.337872965641953,0.37419002411091,0.902944877926,1.89102965590992,1541.643786959,3423.37389312168,332.398300038999,0.686577004219409,0.313196955997589,0.378205931181984,0.378205931181984,2,2,0,1,1,1,2,1,3,1,2,2,2,2,0,4,2,0
42,42,4374.79140445736,1124.25248567139,7300.3085598588,353.571793099,74.7495287896,1627.85277120112,4231.16350289902,0.414877982751286,0.426712302277913,0.972266279965559,1.17832946711006,1626.80674588238,3972.13691243131,506.472134588731,0.787659047840043,0.212302277913138,0.196388244518344,0.392776489036687,0,0,4,2,1,2,0,2,4,1,1,1,4,4,3,1,1,0
58,58,2184.59268532317,757.180314701376,5857.50488564744,446.630012996,79.7264425107,1100.01791920115,2626.93616503367,0.734384755025789,0.18017922833844,4.07585692201077,4.23873909995017,836.730798037483,2871.36943152899,167.837614039102,0.870381220404753,0.129465100419736,0.867014815898899,1.7340296317978,4,4,0,4,4,4,4,4,0,4,4,4,0,0,4,0,3,4
49,49,3251.9484879385,899.019664949286,6391.14358859638,357.231391004,76.3372300285,1588.6796968405,3703.91162257708,0.433793267515166,0.32869037706673,1.3197626026852,2.62520761450452,1558.44589283181,3503.85232220283,330.177567894899,0.734173902700131,0.26588557154752,0.596638094205572,1.90924190145783,2,2,2,2,2,2,2,2,2,2,2,2,2,2,2,2,2,4
163,163,4327.37960966223,1085.0200094046,6992.13478446094,288.566794192,71.1788542513,1746.25254602661,4327.36724369849,0.313895342963936,0.413551873926659,0.759022900763359,1.77314134743248,1837.4519676605,4007.07768692016,569.219828443875,0.706359228204869,0.293388221032428,1.01322362710427,0.759917720328205,0,0,4,0,0,1,0,0,4,1,1,0,4,4,1,3,3,1
178,178,4815.90512516209,1179.41814039488,7324.3414707431,281.675216449,71.4311055056,1814.01888200986,4551.33982377416,0.302060974451515,0.472637477443252,0.63909653564826,1.72404709806082,1968.81845616105,4149.41128115894,669.063043778558,0.743033526450755,0.256757526830658,0.383121577346849,0.766243154693697,0,0,4,0,0,0,0,0,4,0,1,0,4,4,2,2,2,1
185,185,4957.66685562204,1199.51180701902,7343.45346591019,267.206558037,70.8591385669,1884.58363784232,4705.33053113701,0.269430877043958,0.484789764281164,0.555768493675738,1.3280056359283,2067.81779229245,4235.92227967366,713.719678216993,0.73139201528987,0.268183266086218,0,0.265601127185661,0,0,4,0,0,0,0,0,4,0,1,0,4,4,2,2,0,0
189,189,4510.61961399731,1126.50237139814,7153.08418264576,313.991449376,72.8536299503,1764.80541937038,4384.52639369239,0.329776464926401,0.454737051726713,0.725202539960587,1.68424267848157,1866.71251839211,4022.38504816726,596.043651593878,0.743540384009028,0.256243880582154,0.505272803544472,0.67369707139263,0,0,4,1,0,1,0,0,4,0,1,0,4,4,2,2,2,1
191,191,4983.51443062837,1237.63658844999,7435.47443693943,258.520113297,70.4395373785,1901.95085552502,4738.88913482578,0.263813911421384,0.496424634690936,0.531427920746983,1.98960741330706,2033.09229896774,4298.22745595185,701.370703246379,0.741669257511093,0.258189423701987,0,1.13691852188975,0,0,4,0,0,0,0,0,4,0,2,0,4,4,2,2,0,2
121,121,3941.84119008112,1043.25239056315,6935.08719173294,348.029528533,76.1624397512,1638.65075843776,4037.064093954,0.413905079100749,0.386494587843464,1.07092076349692,1.68928028497256,1625.46582415605,3797.73654027188,448.762139608796,0.759916736053289,0.239800166527893,0.506784085491769,0.506784085491769,1,1,3,2,2,2,1,2,3,1,1,1,3,3,2,2,2,0
133,133,3879.76468366036,1025.45969009682,6799.01967441079,341.481289719,75.7445727514,1686.13076526138,4043.2106530192,0.382928314273613,0.399446738670055,0.958646741111369,1.87577631845159,1705.86620196822,3775.87827025656,456.879685834748,0.746240999576451,0.253719292672596,0.401952068239626,1.07187218197234,1,1,3,2,2,1,1,1,3,1,2,1,3,3,2,2,2,2
205,205,4117.40773092226,1058.11677873129,6906.75165334436,317.957979681,74.148780211,1721.22627135789,4177.99030546664,0.347606361064572,0.426048504490648,0.815884476534296,1.39157173440167,1783.96272607382,3875.10847073643,515.808419189675,0.738910708890659,0.260938229558626,0.4174715203205,0.834943040640999,0,1,3,1,1,1,1,1,4,1,1,0,3,4,2,2,2,2
233,233,2257.3580310104,660.337221081725,5322.24293390118,482.156737073,81.7946175744,932.838103250115,2313.89916452336,0.685626308232567,0.193142698981092,3.54984326018809,2.59500142241956,800.512588550817,2481.54702286497,183.265462172622,0.813621187745429,0.186067431279949,0.173000094827971,0.865000474139855,4,4,0,4,4,4,4,4,0,4,2,4,0,0,4,0,1,2
120,120,2843.25821388052,837.636902741582,6016.37117205379,407.615240527,78.2376001616,1515.61608207934,3334.77306621922,0.415950668739217,0.253335155355892,1.64189872564224,1.54207857938098,1390.16872491662,3286.3861228743,259.681318402229,0.630869617204448,0.368925405257674,0.514026193126995,1.02805238625399,3,3,1,3,3,2,3,2,0,2,1,2,2,1,0,4,2,2
135,135,2445.00159237472,647.150576490833,5216.16799353636,459.486877509,80.616457196,989.084626154585,2402.76596582195,0.612555232673859,0.234524899486485,2.61189849783587,2.19817916192165,966.19568855399,2436.3874293041,218.536385022733,0.774013773337049,0.225747382667887,0.599503407796813,0.799337877062418,4,4,0,4,4,4,4,4,0,4,2,4,0,0,3,1,2,1
148,148,1932.40099016385,482.516358229283,4268.28753309974,482.663242194,81.7760743482,613.764373565432,1645.57931069669,0.754813977708347,0.195971548228412,3.85165083672546,2.66314847276059,617.083682176478,1745.16704546567,163.8699676627,0.864743291453389,0.134835693234949,0.443858078793432,0.665787118190148,4,4,0,4,4,4,4,4,0,4,2,4,0,0,4,0,2,1
182,182,2111.18736730322,573.109722203528,4467.58771493573,413.93461622,78.6285796859,922.097329711113,2172.35174579664,0.566911271094238,0.243593601703743,2.32728309417467,2.56161767424604,887.905887743654,2196.58195688387,193.89311041054,0.749623833885044,0.250144679274983,0.698623002067103,0.931497336089471,4,4,0,3,3,4,4,3,0,3,2,4,0,0,2,2,2,2
193,193,3095.2940659569,716.267459048711,6756.13955061757,534.966938776,82.4992084252,797.039734901577,2309.70480533516,0.875594671741199,0.217798525214082,4.020204778157,2.67563303729307,853.129941960525,2435.26542474134,245.681354221785,0.955786156041865,0.0439165080875357,0,1.48646279849615,2,4,3,4,4,4,4,4,0,4,2,4,0,0,4,0,0,4
224,224,3040.84850755729,821.158814459665,6579.69449308514,505.383694378,82.4897047283,1257.85689382862,3034.89005592731,0.616467086124078,0.232843966353201,2.64755447941889,2.0323871708058,1204.94109619296,3046.22527819114,258.540199682024,0.770583857655098,0.229100421712559,0.2258207967562,1.129103983781,3,3,2,4,4,4,4,4,0,4,2,3,1,1,2,2,1,2
230,230,2741.38237894435,677.687640079249,5919.51267044516,493.765094584,81.715298634,890.789132188631,2367.36923414318,0.734333217067783,0.21571910242995,3.40411771046675,2.0946937138356,913.207883300507,2453.89260038935,234.236007945659,0.855946982908964,0.143866992210208,0.6982312379452,0.6982312379452,4,4,1,4,4,4,4,4,0,4,2,4,0,0,4,0,2,1
195,195,2559.04190621834,617.719732715849,5618.66280344346,512.748644881,81.6214092399,732.380436631183,2034.12358187343,0.843422078645427,0.213100144814526,3.9578672242551,7.57449095940491,743.488166706443,2143.26839708896,208.573288540094,0.937217333184806,0.0626935501838031,0.445558291729701,2.00501231278365,4,4,0,4,4,4,4,4,0,4,4,4,0,0,4,0,2,4
176,176,2767.40369043237,808.552912320722,6191.82367649326,431.918983958,80.3735749271,1215.84542068386,2859.25913982784,0.644778991729699,0.257548629127538,2.50352329155829,6.00971593369481,1055.0435712552,3018.62141734663,244.597952111674,0.826092252225917,0.173859027295648,0.981178111623642,1.47176716743546,3,3,2,4,4,4,4,4,0,4,4,4,0,0,4,0,3,4
286,286,3131.04066875679,885.755157325785,6664.56979115824,432.199885793,79.1312378603,1338.69309737929,3175.21502459651,0.589996266268402,0.278016321740986,2.12216413257231,8.13974045058515,1198.47570751338,3293.62515265313,284.346079038231,0.794858118199275,0.205221890334969,1.06750694433904,1.20094531238142,2,2,2,4,3,3,3,4,1,3,4,3,2,1,3,1,3,2
141,141,2777.71180594963,834.623920623527,6359.53754335749,434.048037753,80.8894528819,1253.63553278677,2924.87305537281,0.648870984564038,0.253872027534418,2.55589790992657,5.64804317080543,1064.20417476997,3108.64322295873,241.313161811087,0.827205882352941,0.172833229036295,0.919448888270651,1.57619809417826,3,3,2,4,4,4,4,4,0,4,4,4,1,0,4,0,3,4
101,101,3565.52951294651,1027.2370291398,6518.09877989091,321.979273855,75.4284850075,1833.79671676133,4087.04103520684,0.327421617664999,0.371218128583628,0.882019471716715,1.98809894343667,1750.50093836598,3831.34119816926,398.564657374864,0.67547578382335,0.324142979138709,0.305861375913334,1.52930687956667,2,1,2,1,2,0,1,0,3,1,2,1,3,2,0,4,1,4
104,104,3356.75673375833,980.16227656394,6127.92943663517,328.749022143,74.9646540722,1781.78771402988,3912.91961726408,0.321494778187692,0.37580529706514,0.855482295482296,2.21177694021799,1695.35804503483,3628.79026793848,370.72874602442,0.675862195547235,0.323660591377127,0.368629490036332,0.921573725090829,2,2,1,1,1,1,1,0,3,1,2,1,2,2,0,4,2,2
110,110,3552.54863326604,1021.70476796741,6560.81897968625,340.434092871,75.1608531742,1786.84933558001,4047.56605922778,0.363351087988769,0.359951553188268,1.00944442320193,1.65719713010684,1695.61002982608,3823.22948407818,384.013737132283,0.697661615536012,0.302131934982177,0.138099760842237,1.24289784758013,2,1,2,1,1,1,1,1,2,1,1,1,3,2,1,3,1,3
276,276,3094.72980543287,931.518153193072,5741.49664954607,329.468969152,74.3736836287,1690.24159759746,3650.53018788881,0.324305910407086,0.373445750298075,0.868415051311288,1.92461542220659,1571.72760415373,3418.34491306181,335.410125546502,0.675715380684722,0.323986544029978,0.427692316045908,0.427692316045908,2,2,0,1,1,1,2,0,3,1,2,2,2,2,0,4,2,0
137,137,3392.5303740226,999.639842812083,6185.41822952309,319.746621918,75.0879049965,1839.80926369757,3990.28117395731,0.311917053490087,0.376512949546657,0.828436455812882,1.30758507374733,1742.638189842,3694.46846761335,377.029070176535,0.671445924254913,0.328076873020693,0.43586169124911,0.653792536873665,2,1,2,1,1,0,1,0,3,1,1,1,3,2,0,4,2,1
156,156,3546.70933939537,1012.8169711604,6501.98800969604,312.980469121,75.1310437155,1812.12708774299,4052.57865261844,0.329535036018337,0.368975114603798,0.893109109464436,1.31187264247858,1741.18159272409,3809.82924595085,397.53359251369,0.675458415193189,0.324246889325475,0.163984080309822,1.31187264247858,2,1,2,0,1,0,1,0,3,1,1,1,3,2,0,4,1,3
170,170,2980.58390282246,919.558303184766,5632.35381935567,327.361405601,74.4051917027,1684.45102133736,3568.7678377811,0.325629346956361,0.357696805564104,0.910350167770799,1.85427925226193,1535.25921395354,3363.38654798641,318.366315708944,0.6676309472518,0.332184403274451,0.618093084087309,0,3,2,0,1,1,1,2,0,2,1,2,2,2,2,0,4,2,0
180,180,3562.79517979085,1033.71118725986,6487.83683628132,319.603021605,75.5622645829,1868.14268078542,4112.52611194861,0.312433278770194,0.373158494057362,0.837266962284842,1.42839526813359,1784.76669840951,3830.73549857379,401.352865072014,0.667105544089389,0.332485232367803,0.178549408516699,1.42839526813359,2,1,2,1,2,0,1,0,3,1,1,0,3,2,0,4,1,4
237,237,3298.13928768735,975.217462098427,6087.34492704629,340.017987411,74.5630676875,1712.99534909755,3781.80843483408,0.353143159006867,0.379770866349709,0.929884807650511,1.99077389855413,1595.25970312639,3556.24528606327,355.295655072561,0.703925647120972,0.295876254622293,0.331795649759022,0.497693474638533,2,2,1,1,1,1,2,1,3,1,2,2,2,2,1,3,1,0
234,234,3590.80941706117,1031.30312676623,6526.63710128906,288.235801844,74.881405742,1842.23544549496,4093.67303942181,0.297179782838474,0.392476217930239,0.757191822744522,0.962480511191262,1767.01670899208,3848.10502747197,413.732315673922,0.668204093398674,0.331771884308638,0,1.20310063898908,2,1,2,0,1,0,1,0,3,1,0,1,3,2,0,4,0,2
161,161,3565.67273704933,1019.4455213579,6504.46877167394,297.249004197,74.978115491,1829.39178864185,4071.46116334823,0.311536038690537,0.380910771981874,0.817871432381969,1.42421885683699,1760.33207100351,3826.26564754926,407.579842199778,0.670947552376501,0.328910203003394,0.203459836690998,1.42421885683699,2,1,2,0,1,0,1,0,3,1,1,1,3,2,0,4,1,3
207,207,3522.26368154872,1004.90116998144,6545.41020172859,328.651657127,75.2964805488,1755.93024120436,3996.46841875128,0.352734074155573,0.354541596592427,0.99490180431795,1.88991911317295,1673.96677232313,3803.57459350487,382.085601330875,0.68335350423589,0.316473602313629,0.157493259431079,1.25994607544863,2,1,2,1,1,1,1,1,2,1,2,1,3,2,0,4,1,3
222,222,3560.7949821511,987.775558805826,6664.78766724006,338.353285232,75.6644490387,1632.85853855541,3836.40813311916,0.407453606862538,0.337043504960755,1.20890508455275,2.3036275936746,1584.34688296255,3731.7146362149,380.312347503867,0.711988332149917,0.287992477307183,0.3839379322791,0.57590689841865,2,2,2,1,2,2,2,2,2,2,2,2,3,2,1,3,2,0
303,303,3485.4523492266,988.087805030063,6473.3983101974,312.702466852,74.976186675,1764.51347216496,3975.17061368372,0.335890283589028,0.356542574115796,0.942076228686058,1.61031757130212,1703.12450655492,3765.14932644282,383.356571878749,0.669581232342739,0.330222079176054,0.178924174589124,1.43139339671299,2,2,2,0,1,1,1,1,2,1,1,1,3,2,0,4,1,4
119,119,1470.5923139445,390.967349457138,3149.48327130335,447.970517493,80.7477268126,602.264398189384,1449.19532459944,0.642049559312238,0.229862014159804,2.79319556847647,2.54114228007816,581.284252934066,1476.82767076874,130.706036279561,0.804074555700043,0.195564224823002,0.544530488588178,0.726040651450904,4,4,0,4,4,4,4,4,0,4,2,4,0,0,4,0,2,1
279,279,2585.03308646025,770.380337596219,5991.62767736008,453.566426582,79.9191307384,1141.47133475143,2809.15054507628,0.684651525688213,0.207727665926014,3.29590920225361,2.97496947513608,961.235218666422,2955.13443536152,203.203715447488,0.836541886459623,0.163356344454433,0,0.297496947513608,4,4,1,4,4,4,4,4,0,4,2,4,0,0,4,0,0,0
304,304,1311.25305813441,416.486183728961,3243.79532924826,460.806580724,81.4388555064,612.132397573286,1476.29800798369,0.691650399616957,0.200342528820301,3.45233936942734,2.02672690842752,498.703891067808,1612.77233339792,104.078371892639,0.837354056940812,0.162443372251482,0.184247900766138,0.184247900766138,4,4,0,4,4,4,4,4,0,4,2,4,0,0,4,0,1,0
154,154,3348.52581898194,945.37561034873,6549.12124698232,373.957117294,78.3352935187,1586.39726421991,3550.37409231063,0.442666883222349,0.325036543771317,1.36189881324172,0.792061507032181,1522.88672544625,3494.31469026744,349.789214048736,0.718409939905798,0.281508851713497,0.198015376758045,0.396030753516091,2,2,2,2,3,2,2,2,2,2,0,2,2,2,1,3,1,0
126,126,3178.76400739729,965.422834140754,6280.1699871568,376.904542706,76.0343932695,1735.69874759015,3639.38333316002,0.455526992287918,0.39681233933162,1.14796579424721,0,1586.84625718391,3481.58229516164,315.725042754982,0.795269922879177,0.20452442159383,0,0,2,2,2,2,2,1,2,2,3,1,0,2,2,2,3,1,0,0
208,208,3142.52420202544,959.075698159824,6210.88655421059,365.636964976,76.2639095835,1720.77094359997,3611.17858311946,0.439341563786008,0.407572016460905,1.07794830371567,0,1564.52088677114,3472.13064652539,313.223777974581,0.786502057613169,0.213333333333333,0,0,2,2,2,2,2,1,2,2,4,1,0,2,2,2,3,1,0,0
244,244,3126.47365149802,976.804392381998,6209.26759836047,350.935479921,75.7687972054,1803.45108883534,3716.32029563491,0.343240985660588,0.426841152721704,0.804142204827136,0.441941931649285,1621.68215634824,3564.88235779971,315.57637753201,0.731936516775721,0.267993874425727,0.441941931649285,0,2,2,2,2,2,0,2,1,4,1,0,1,2,2,2,2,2,0
173,173,3386.43953956911,921.548375421121,6499.11909937592,339.697669522,74.577944369,1587.1701551571,3741.90599854439,0.435577689243028,0.319262948207171,1.36432270543458,3.99460030130366,1560.24959642314,3541.585301673,359.798290085023,0.725796812749004,0.273764940239044,1.79757013558665,1.99730015065183,2,2,2,1,1,2,2,2,2,2,4,2,2,2,2,2,4,4
194,194,2138.73521072792,603.777097931651,4876.59521170299,456.938557866,80.5318106797,899.398880184134,2280.30986259583,0.7208770101555,0.195896932916488,3.67987900281631,5.51937063696608,806.169148076952,2358.59892918542,178.813884367124,0.846829726802755,0.152925069985083,1.43094794291713,1.63536907761958,4,4,0,4,4,4,4,4,0,4,4,4,0,0,4,0,4,4
107,107,2858.40557079716,873.006467223431,6092.97310479668,395.66440635,77.5934217879,1648.3899436638,3565.60116465066,0.366088285534478,0.254895262069586,1.436230248307,1.80285579110629,1481.04551173447,3476.90803551776,259.00700338811,0.594300098894183,0.405645958824058,0.360571158221258,0.901427895553144,3,3,1,3,2,2,2,1,0,2,2,2,2,1,0,4,2,2
13,13,4028.06376852936,1031.68521248364,6837.50469246084,303.675682256,71.5440545011,1679.4934824542,4146.64182313969,0.350108278373856,0.385446402204941,0.908318968269169,1.97605066023488,1719.80766927788,3885.04217636748,500.911432525874,0.715326311644847,0.284304557535191,0.98802533011744,0.49401266505872,0,1,3,0,0,1,1,1,3,1,2,1,3,4,1,3,3,0
16,16,4397.0779825329,1104.84618013615,7083.37792531877,317.853837244,73.3879096186,1747.18070172824,4321.10880905865,0.335552147239264,0.447638036809816,0.74960597546769,2.17787189718043,1839.50407608043,3976.16391225782,571.590753981045,0.74319018404908,0.256671779141104,0.622249113480124,1.08893594859022,0,0,4,1,0,1,0,1,4,1,2,0,4,4,2,2,2,2
7,7,2985.0358436428,840.981669435146,6406.77949525494,489.781851578,82.1185832352,1401.72893963035,3225.45660396243,0.52554009178762,0.239935077049364,2.19034289713086,1.68198122190769,1308.99948986276,3194.71871323241,259.448936885714,0.704096862057386,0.295679265699041,0.186886802434188,0.934434012170941,3,3,2,4,4,3,3,3,0,3,1,3,1,1,1,3,1,2
21,21,2318.13959383028,632.781735578604,5280.70333356816,484.836724371,81.996478531,869.685453012932,2215.68659537672,0.70954933492158,0.195334524518563,3.63248297591219,2.77943356278555,794.215511126063,2350.5866240931,192.827666165718,0.829600952948183,0.170180663093111,0.198530968770397,0.992654843851983,4,4,0,4,4,4,4,4,0,4,2,4,0,0,4,0,1,2
28,28,2979.75327730997,868.221854780772,6573.96798493598,423.726665641,79.8471445123,1308.5248198647,3087.15457457947,0.611744710200261,0.268751385570362,2.27624765134504,5.79494913394078,1143.96083738216,3229.53776347379,265.937219532066,0.807645885163928,0.192464960465059,0.986374320670772,1.23296790083846,3,3,2,4,4,3,3,4,1,3,4,4,1,1,4,0,3,3
14,14,3536.81889902005,1023.74549267313,6538.99785053786,336.596415369,75.3133162574,1803.02560632248,4060.16526772928,0.355061463021428,0.360583059044804,0.984687034277198,1.88801865589452,1706.53244136621,3827.52127867642,381.95939087751,0.690347282864244,0.309303419090482,0.269716950842074,1.21372627878933,2,1,2,1,1,0,1,1,2,1,2,1,3,2,0,4,1,3
17,17,3292.52882502335,977.000564923768,6030.32696758571,319.959965446,74.9172573405,1804.37980587521,3893.94169463794,0.314483527717114,0.373077459225872,0.842944326815295,1.40082882220598,1700.77730888145,3608.32028024309,362.805394184487,0.67129780214674,0.328284001672785,0.466942940735325,0.700414411102988,2,2,1,1,1,0,1,0,3,1,1,1,2,2,0,4,2,1
25,25,3568.77634419387,1005.48189505297,6709.71099431513,357.461256273,76.4232808359,1641.95913799022,3836.28226580691,0.429227224988989,0.335518514754209,1.27929519866714,2.09134095504424,1564.11005257541,3750.41757432028,375.580819187386,0.726649049700173,0.273367889690687,0.321744762314499,0.804361905786248,2,1,3,2,2,2,2,2,2,2,2,2,3,2,2,2,1,1
9,9,4856.8913235636,1203.42828515893,7301.00301761387,244.245335674,70.5295039827,1876.26824763451,4646.03385851033,0.257692000319668,0.496084072564533,0.519452275473218,4.40910725273779,2023.54528695696,4237.46964104166,674.79785291762,0.729161671861264,0.270718452809079,2.8057955244695,1.20248379620122,0,0,4,0,0,0,0,0,4,0,4,0,4,4,2,2,4,2
206,206,3346.06940471847,949.410456783591,6748.66081799596,414.307313444,78.3706208044,1431.55026393221,3428.00802968502,0.584466019417476,0.268051060769507,2.18042792943859,2.67824041564695,1341.62035847195,3425.49740691231,328.378435813176,0.79980222941388,0.200287666307084,0.167390025977935,0.836950129889673,2,2,3,3,3,2,2,4,1,3,2,3,2,2,3,1,1,2
263,263,5009.82928680911,1210.58750561363,7384.36002454761,266.476082146,70.8216477601,1887.71533966245,4726.60875399148,0.274353120243531,0.483384069000507,0.567567567567568,1.58644914551785,2074.08131466053,4258.12040496584,724.127964583157,0.734493911719939,0.264935312024353,0,0.317289829103569,0,0,4,0,0,0,0,0,4,0,1,0,4,4,2,2,0,0
51,51,4808.77239489197,1171.74394911827,7246.46917802482,272.507836112,71.4122861845,1855.93251727147,4606.49694658132,0.268076655744216,0.478125310296892,0.560682837680678,1.19376790096578,2032.48315434356,4169.27938019194,680.353461643032,0.720822162645219,0.278959388342766,0.19896131682763,0.596883950482889,0,0,4,0,0,0,0,0,4,0,1,0,4,4,1,3,1,1
273,273,3447.96055010848,1004.44938925334,6321.71400423252,332.480162425,74.9382648888,1781.1500793284,3971.33463549947,0.344775172291664,0.371249797086906,0.928687840362523,1.92733987471891,1682.56083076754,3713.24084242044,375.157586397247,0.690642385962841,0.309047710402432,0.296513826879833,1.03779839407941,2,1,2,1,1,1,1,1,3,1,2,1,3,2,0,4,1,2
