TEA,SLN,comm_bbp,comm_bvp,comm_cctrcap,comm_incarpct,comm_juvcrimecap,comm_libcap,comm_ltbvp,comm_ltrvp,comm_ocb,comm_ocbp,comm_parkcap,comm_rcb,comm_rcbp,comm_rvp,comm_u18bbp,comm_evrate,comm_bbp_sd,comm_bvp_sd,comm_cctrcap_sd,comm_incarpct_sd,comm_juvcrimecap_sd,comm_libcap_sd,comm_ltbvp_sd,comm_ltrvp_sd,comm_ocb_sd,comm_ocbp_sd,comm_parkcap_sd,comm_rcb_sd,comm_rcbp_sd,comm_rvp_sd,comm_u18bbp_sd,comm_evrate_sd
47,47,0.867834140815662,0.106364340149,0.377969186348659,0.00203982727605927,177.073335720316,0.566953779522989,0.0823109685096,0.00945827078652,3290.436462571,0.28951935146247,0.0770571488881736,5881.831889202,0.461070425440098,0.0119801061289,0.872918099659782,135.407461009407,4,2,2,4,3,4,3,3,0,0,1,1,2,3,4,3
69,69,0.798295538028238,0.0721015067479,0.456550533971212,0.0039219280435987,209.666710331074,0.456550533971212,0.0649994267305,0.0142392751127,1006.6789719109,0.266973225356497,0.0472729980108961,1018.28532259342,0.461893224583204,0.0166887836932,0.811098317444868,306.345408294683,3,4,2,3,2,4,4,3,4,2,1,4,2,3,4,0
354,354,0.526532614460062,0.0580815817935,1.13794683690524,0.0133352521514535,586.182297603388,0.568973418452618,0.05523051308,0.0304379299359,869.005469652,0.252006811347954,0.288045241817246,1391.07606260203,0.508801372183169,0.0334660116871,0.472652395519006,209.66670469979,0,4,4,0,0,4,4,1,4,2,4,4,1,2,0,1
62,62,0.637824060814925,0.0996285106716,2.65278421063908,0.0117974428034319,794.072922685198,0.44213070177318,0.0949742515869,0.0501529628898,1218.4844040595,0.253399934818216,0.246331278985395,6592.787328478,0.431952389633547,0.0558617220706,0.557284370170669,433.509153088603,1,2,4,0,0,4,2,0,4,2,3,1,3,0,0,0
76,76,0.728446202826889,0.192078188849,0.308243518498747,0.00682516991601414,266.747548502887,0.308243518498747,0.172348886649,0.0256707411524,2823.926257677,0.253615975750833,0.0262076030281116,5929.523365811,0.492645305945101,0.0335034580886,0.708358310282594,254.917389798464,2,0,1,2,2,3,0,2,1,2,0,1,1,2,2,0
353,353,0.669526617119543,0.103850846915,0.176156295808382,0.00722972532569924,239.813269443828,0,0.100326881911,0.0179339048935,2784.1886634009,0.300993542598476,0.0227005990268682,4258.440271237,0.543318618642606,0.0225312406108,0.660950231423552,272.16147702395,2,2,1,2,2,0,2,2,1,0,0,2,0,2,2,0
53,53,0.789413136601225,0.0900269237365,0.589532573843818,0.00525033980454068,257.886074173051,0.147383143460954,0.0860651215333,0.0203009602416,2705.238110057,0.247140283870226,0.220043550692163,7523.984127516,0.40610073576494,0.0251000834955,0.75423567414356,167.795708830297,3,3,2,2,2,1,3,2,1,2,3,0,4,2,3,2
55,55,0.845873362012815,0.118332951094,1.20735645585359,0.00255603232459697,231.980250324272,0.402452151951197,0.111557517701,0.0089851558672,2359.058386029,0.259963036698308,0.0337818683150916,5887.503378218,0.384017556330192,0.0108372902538,0.793873967795198,159.371052172674,4,2,4,4,2,4,2,3,2,2,0,1,4,3,3,2
79,79,0.681479481906344,0.109630964022,0.179934283901912,0.00243240001062484,259.781194974642,0.179934283901912,0.104891868958,0.00752321606543,1662.010227449,0.246887537761415,0.152921296687384,5386.7921823934,0.455897546695572,0.00905276308559,0.67266359737425,158.612071259535,2,2,1,4,2,1,2,4,3,2,2,2,2,4,2,2
77,77,0.77569960186527,0.136797897397,0.380609717766836,0.00748767227489461,351.570794175753,0.190304858883418,0.132165585183,0.058050415944,1795.701569586,0.240732393635947,0.271998686237471,4989.9892186749,0.437038640770297,0.0616766812645,0.8128268487053,151.577820100642,3,1,2,2,1,2,0,0,3,3,3,2,3,0,4,2
68,68,0.709914332000602,0.0703628255845,0.935655954560924,0.00604780032944071,274.562313519845,0.187131190912185,0.0695161969547,0.0218351366468,1974.328392528,0.232021774031986,0.110311825027068,4036.6980493925,0.447408239812058,0.0223121844125,0.685066138178903,129.7754808976,2,4,3,2,2,1,4,2,3,4,2,2,2,2,2,3
59,59,0.715156504224266,0.0882872476826,0.226256797771197,0.00325107377004116,150.702678435495,0.226256797771197,0.0844260229629,0.0205903626357,3292.9154413458,0.229489837070092,0.0755250246812074,5252.251788509,0.482028684249214,0.0218638932114,0.713790642657041,89.1451783218516,2,3,1,3,3,2,3,2,0,4,1,2,2,2,2,4
48,48,0.74292959079605,0.207860364946,0.314564921706859,0.00543720563035235,266.411995515748,0.314564921706859,0.175851886536,0.0222075384796,3084.943653463,0.231775967298919,0.116056681374356,5009.903615628,0.453780127877108,0.0313982626994,0.703448955660057,189.053517945822,2,0,1,2,2,3,0,2,0,4,2,2,2,2,2,2
50,50,0.806447610451589,0.152025436055,0,0.00289982940701046,280.479932511679,0.191362014443192,0.136534206187,0.0131450987532,2624.967406952,0.204670676870807,0.320093568783388,4425.608640495,0.49486814191573,0.0190890653049,0.814025854721465,167.920167673901,4,0,0,3,2,2,0,3,2,4,4,2,1,2,4,2
72,72,0.44241140437265,0.0909066519793,1.2016170595294,0.0141245997713646,633.262871162183,0.480646823811762,0.0854995625181,0.0496996389431,2014.42134472843,0.28093654149144,0.1744962469471,4507.5125874907,0.53823709204869,0.0562704063236,0.473250625889823,312.660758889551,0,3,4,0,0,4,3,0,2,1,2,2,0,0,0,0
43,43,0.665180989609892,0.11376778235,0.40199274136577,0.00564929086730477,229.849821550598,0.200996370682885,0.108426594338,0.0180802181597,1856.6636334425,0.253931384683338,0.163392110188661,4560.0198146213,0.518916858499112,0.0191004879268,0.674736453498594,278.580969766479,2,2,2,2,2,2,2,2,3,2,2,2,0,2,2,0
100,100,0.702864498149515,0.0958592379386,0.26388896441413,0.004104668890069,190.718680660616,0.131944482207065,0.0941283653477,0.0192196044512,2913.9303988362,0.237237669470976,0.0945470611815866,5066.839248543,0.504954504022368,0.0203716546349,0.704891638332709,165.524352928763,2,3,1,3,3,0,2,2,1,3,1,2,1,2,2,2
284,284,0.772869184519194,0.148830773581,0,0.00366393749439155,203.705027489259,0.194331963508284,0.141424867594,0.0134057048223,2142.669517433,0.211997454031275,0.0941820634286536,4920.2891360855,0.522138500374506,0.0186713785974,0.782486783651275,167.70848450765,3,0,0,3,3,2,0,3,2,4,1,2,0,3,3,2
280,280,0.835133895507461,0.156304400922,0.148400325131515,0.00155965510729763,107.944598734266,0,0.133416393967,0.00641562690099,1757.296108371,0.233957400066566,0.0246838846650677,9821.489124312,0.380828315433889,0.00857383979566,0.794102337820236,233.730512082137,4,0,1,4,4,0,0,4,3,4,0,0,4,4,3,1
169,169,0.875748770561127,0.1199565443,0.858294999335034,0.00297755234887803,104.969471282943,0.214573749833759,0.095152617464,0.00732589042432,2794.427070064,0.265686492598395,0.0910368172501089,4833.313208897,0.429580101416708,0.00927035520791,0.896920720535834,152.240075507052,4,2,3,3,4,2,2,4,1,2,1,2,3,4,4,2
167,167,0.795220951066498,0.0541204414195,0.437994655500686,0.00552375327148442,200.034825089147,0.437994655500686,0.0489723756565,0.0100206379642,1032.9327159515,0.266707395746323,0.0556207373454408,1147.20991132039,0.484081157400735,0.011907059215,0.814797458599679,309.005229455734,3,4,2,2,3,4,4,3,4,2,1,4,2,3,4,0
187,187,0.662697361123955,0.0447269198566,0.469602136681769,0.0139305052873418,148.508581799367,0,0.0436620080487,0.01101382035,1173.2641122187,0.305899121679294,0.105836001924736,854.85292097675,0.441318178747938,0.011779665012,0.65731733140999,62.2222831103344,2,4,2,0,3,0,4,3,4,0,2,4,3,3,2,4
305,305,0.64511086377183,0.0300692035845,0,0.021936832874788,129.525041545422,0,0.0293695976135,0.00658699806576,595.0360404788,0.271341204108215,0.175064246952671,396.95849019499,0.417342020529187,0.00699420825505,0.600905899825401,57.6807671322575,1,4,0,0,4,0,4,4,4,1,2,4,4,4,0,4
142,142,0.436937743582843,0.0708216293538,1.65126992424044,0.0146518832967715,790.600935280006,0.412817481060109,0.0686783202868,0.053143737892,1122.08579464824,0.26412534237641,0.299230825396185,2547.05638514041,0.530801322221345,0.057579607953,0.417285620590449,350.275632679502,0,4,4,0,0,4,4,0,4,2,4,4,0,0,0,0
301,301,0.661414948196527,0.0530051759324,2.68441434103688,0.0176622151019744,164.648263526535,1.34220717051844,0.0472035317487,0.0251280614619,427.6435317052,0.272585723146926,0.0823457896181344,421.03551701832,0.472091210860956,0.0281503394377,0.662285375170045,111.40319515303,2,4,4,0,3,4,4,2,4,1,1,4,2,2,2,3
235,235,0.559883837020392,0.111341073506,0.480750212167183,0.00954958345054505,387.751743115715,0.240375106083591,0.10570554372,0.00918803063919,1821.99249064636,0.290087435750162,0.0898941918931757,5058.1485188197,0.579016142548978,0.00966913295183,0.541620578195796,338.568336918739,0,2,2,1,1,2,2,3,3,0,1,2,0,4,0,0
175,175,0.575454807345813,0.0911945070658,0.250954780750085,0.00955556462457703,281.195188887975,0.250954780750085,0.0859324210159,0.0115179877301,1912.93063493851,0.294008792498115,0.044732437847626,4374.9250403951,0.580521675984255,0.0125398545064,0.567007010966457,212.307744514572,0,3,1,1,2,2,3,3,3,0,1,2,0,3,0,1
264,264,0.574812093926805,0.141077826953,0.491805004444782,0.00860153332024993,398.553462414842,0.245902502222391,0.133376819812,0.00662168254208,1574.0615050661,0.294850647728168,0.0821516230346737,5912.087328914,0.579668945397666,0.00711487509208,0.542321134569112,517.501815927022,0,0,2,2,0,2,0,4,4,0,1,1,0,4,0,0
226,226,0.593849310316128,0.0891675733003,0,0.0103090107047825,245.617217242747,0.310734022157151,0.0808813770134,0.0122814896541,1535.0302941951,0.300159043483402,0.0514025582374943,3551.6293104611,0.573690882593611,0.0135399488762,0.590807367436319,198.248306136262,0,3,0,1,2,3,3,3,4,0,1,3,0,3,0,2
109,109,0.544870665277921,0.107036193705,0.844590652146724,0.0113420819646641,359.597367631466,0.281530217382241,0.105474515977,0.024611332159,1342.45274171058,0.255424747342407,0.320783484935354,2407.0413578562,0.525170776699569,0.0253578706515,0.545258093592012,141.750464451959,0,2,3,1,1,2,2,2,4,2,4,4,0,2,0,2
117,117,0.488886994188566,0.105169064616,0.339800406435245,0.0175068764712573,356.480619323899,0.339800406435245,0.103942004943,0.0288944759455,914.716923518148,0.225362993335807,0.761319677909872,2126.5355505909,0.504477390678474,0.0303288204874,0.483471261236732,153.080083099078,0,2,1,0,1,3,2,2,4,4,4,4,1,2,0,2
266,266,0.522583898586298,0.104907127196,1.01932007886061,0.0105495884653625,318.804558674872,0.254830019715152,0.102372974052,0.0244949557604,1447.56155815971,0.246605094964338,0.295794485519524,2638.4847959983,0.529513594353659,0.0251157927903,0.518101249274918,131.747120192734,0,2,3,1,2,2,2,2,4,3,4,3,0,2,0,3
108,108,0.730385314524587,0.154501703814,0.336992924652791,0.00722484076080881,302.099908419919,0.336992924652791,0.141923316042,0.0234194285023,2567.212267908,0.250245583789264,0.208391862342838,5759.42414029,0.46255974574989,0.0311683767329,0.693078117456485,221.57284795921,2,0,1,2,2,3,0,2,2,2,2,2,2,2,2,1
129,129,0.736711024785286,0.194848711348,0.313016334693657,0.00632646705458727,299.442451570198,0.313016334693657,0.167816044842,0.0253800300176,2823.462742087,0.244665871278304,0.109408004542246,5937.4172370373,0.473384815523103,0.0343637519543,0.706283129781513,243.761470642685,2,0,1,2,2,3,0,2,1,3,2,1,2,1,2,0
218,218,0.737597759800518,0.234139841513,0.445231463106468,0.00599138728846951,227.336463245928,0.148410487702156,0.203565557027,0.0247139468158,2989.474339464,0.235108966627691,0.0397059113775235,5384.4749944183,0.46888490398809,0.0335862069881,0.712502581199247,214.08212851036,2,0,2,2,2,1,0,2,1,3,1,2,2,2,2,1
216,216,0.65642492152861,0.101958194645,0.151042752996772,0.00620128449684332,227.92059508667,0.151042752996772,0.0978887410522,0.0191793111474,3644.955655477,0.322902817218116,0.0239734542804284,3849.9538440866,0.528969104375198,0.0224734205197,0.653976679227413,173.0949949343,2,2,1,2,2,1,2,2,0,0,0,2,0,2,2,2
139,139,0.587855763329464,0.0967178837629,2.80464292746225,0.012770971954259,727.140813905854,0.215741763650942,0.0955613680736,0.0456970969841,1589.9738856192,0.26098412756305,0.322132671341855,5075.7762757132,0.472276225890712,0.0500181427215,0.579600397906501,276.904553645984,0,2,4,0,0,2,2,0,4,2,4,2,2,0,0,0
240,240,0.681805942188548,0.138284954673,0.161451543564114,0.00783641191147054,283.061997621959,0.161451543564114,0.135217531421,0.0234163533015,2753.425771577,0.273529441784035,0.0736835320631679,5345.7136486389,0.501473696637818,0.0292795628699,0.660390325402661,254.205455341697,2,1,1,2,2,1,0,2,1,1,1,2,1,2,2,0
128,128,0.604817911768488,0.0984802236196,2.71583436605826,0.0163856268363842,958.362640293516,0.603518748012947,0.0965333584176,0.0839127088173,923.2878532281,0.247995467523384,0.385952354440049,4604.8442945788,0.458459070706274,0.0894851211397,0.572261924341473,433.175581386293,1,2,4,0,0,4,2,0,4,2,4,2,2,0,0,0
200,200,0.500248742653427,0.0926124367629,3.80664350193862,0.0203198317927939,998.969142574887,0.317220291828218,0.0922822673949,0.0480889541886,1147.75904502091,0.275812198662187,0.676269657229786,3520.81202146154,0.498634788027727,0.0525349909225,0.520432432895313,351.797303637494,0,3,4,0,0,3,2,0,4,1,4,3,1,0,0,0
201,201,0.519658258958475,0.0932260241292,4.07091480251068,0.0238400623280675,1171.91969352003,0.370083163864608,0.0926573373584,0.0847694237952,802.37443865195,0.259042327258429,0.741733967403318,3551.565302675,0.489700995905259,0.0898595774649,0.522465303794509,410.977353471647,0,3,4,0,0,4,2,0,4,2,4,3,2,0,0,0
232,232,0.678367526691944,0.135003513591,0,0.00877455780707176,305.050410165787,0.176287317886805,0.131775553677,0.0252937645699,2458.234977837,0.266225390731115,0.245605354340684,4963.1520330341,0.477299870397577,0.0311629221325,0.65235472444639,202.994846546656,2,1,0,2,2,1,0,2,2,2,3,2,2,2,1,2
209,209,0.591593989575016,0.11890425919,0.972796301202961,0.0139192669715586,425.025021561742,0.24319907530074,0.117161502747,0.0346599951187,1842.4406935039,0.277969259403035,0.64485901546806,2946.40745477551,0.478802774593962,0.0387971086054,0.591936774879728,144.825049341591,0,2,3,0,0,2,1,1,3,1,4,3,2,1,0,2
155,155,0.678112814682279,0.0940241791642,0.173345728289371,0.00667237162543397,199.373446277432,0.173345728289371,0.0910171790241,0.0189399311814,3128.1164083881,0.318954443126182,0.0175607160374173,3784.0292714971,0.541310256841027,0.023247321296,0.675130341437726,183.139761937721,2,3,1,2,3,1,2,2,0,0,0,2,0,2,2,2
247,247,0.660203594971841,0.115749469757,0.175598048680103,0.00844954346586796,243.117582394786,0.175598048680103,0.112583189474,0.0201522698381,2729.1455801835,0.284040458609528,0.179688784067206,4057.66993417653,0.525527505359249,0.0246523275382,0.652916534842961,193.070054523773,2,2,1,2,2,1,2,2,1,0,2,2,0,2,1,2
162,162,0.921567817635014,0.0527082959482,0.130790293956621,0.00259072073168951,66.4819449730282,0.392370881869862,0.050006816739,0.00838855468577,4260.378572668,0.255054060909773,0.0240840976096844,7281.719277653,0.352154796226148,0.0120420876939,0.938927858170078,68.2071382983777,4,4,0,4,4,4,4,4,0,2,0,0,4,3,4,4
174,174,0.869495745169425,0.0639105424573,0.243344893010487,0.00304797423436451,122.227845566802,0.243344893010487,0.0603236765392,0.0113269174311,4007.222227007,0.250801616372808,0.0347854160401804,8980.044423965,0.377124040526009,0.0155800794928,0.846245689300639,132.379621797705,4,4,1,3,4,2,4,3,0,2,1,0,4,3,4,3
177,177,0.800301900140844,0.0843434066706,0.672563608679978,0.00497079909581836,245.560844365842,0.134512721735996,0.080971875272,0.0183651371684,2849.105369313,0.246387908174018,0.187753896775716,8697.061411615,0.397965747178655,0.0226433966134,0.755131400642155,162.424111496215,3,3,2,3,2,1,3,2,1,3,2,0,4,2,3,2
184,184,0.871719638247267,0.0916244989486,0.576964742581752,0.00258454146901252,172.358677707077,0.192321580860584,0.0826268814499,0.0127326867703,4782.808491852,0.256207860773762,0.0319921338327504,13223.185277666,0.350701058455394,0.0177332060704,0.80511460311983,162.559816222408,4,3,2,4,3,2,3,3,0,2,0,0,4,3,4,2
203,203,0.859573995555287,0.0902147322054,0.270558972974406,0.00304965732083354,129.083616280983,0.270558972974406,0.082109279411,0.00737200794453,2965.667580558,0.240392449657998,0.21330124943675,9245.590276594,0.417202401866104,0.0106713662869,0.867147016549307,127.433276270945,4,3,1,3,4,2,3,4,1,3,2,0,4,4,4,3
281,281,0.848022461102526,0.107376230726,0.492757141131035,0.00364251616127402,241.91372144607,0.394205712904828,0.096553027544,0.0157719676886,3882.399062654,0.248805700097192,0.0518630161755359,13675.037681124,0.350133965637541,0.0216271121688,0.754454441767833,216.714590669429,4,2,2,3,2,4,2,3,0,2,1,0,4,2,3,1
145,145,0.717198274110401,0.0968585311189,0.34285768983604,0.00230121949779838,197.839165363284,0.17142884491802,0.0943480674251,0.011337592652,2350.347666904,0.260840170228478,0.050185491299724,4963.354704084,0.44363832790244,0.0142950789142,0.707251610789955,132.257353854252,2,2,1,4,3,1,2,3,2,2,1,2,3,3,2,3
168,168,0.750721121559826,0.128756012994,1.75181167916447,0.00280128833643759,210.121550107117,0.500517622618421,0.125028866797,0.00786809355277,1270.970331783,0.260539465798456,0.14659695708829,4831.4102818737,0.416389503098862,0.00943445064593,0.704901693838133,160.415898049204,3,1,4,3,2,4,1,4,4,2,2,2,4,4,2,2
181,181,0.857748928686719,0.114043658458,1.45334954308277,0.00243798821679941,218.387627073116,0.545006078656037,0.106982824561,0.0103146329986,2870.627042388,0.262844937181312,0.0452095094245663,6270.924325893,0.374817848129647,0.0126833025212,0.80980809442062,146.334132119146,4,2,4,4,2,4,2,3,1,2,1,1,4,3,4,2
283,283,0.857914951516346,0.113937177197,0.871979403234389,0.00288292861814655,192.088320927377,0.145329900539065,0.105102470512,0.0121671366146,2744.412004529,0.244000839640256,0.226674107262574,8984.567450241,0.336088334528691,0.0151926150071,0.738798878968088,175.776514701999,4,2,3,3,3,1,2,3,1,3,3,0,4,3,2,2
188,188,0.724178159681924,0.104293637084,1.3053986717751,0.0076034309963838,398.255260004354,0.163174833971888,0.100358486185,0.0303430477652,2215.358199643,0.24460781781221,0.279654674877602,6734.2219960334,0.42427658897316,0.0353963020098,0.690205905886715,202.418381542127,2,2,4,2,0,1,2,1,2,3,3,1,3,1,2,2
202,202,0.682740074188206,0.0992062883112,1.60852933658098,0.00825873385426457,514.616768761847,0.321705867316197,0.096320650758,0.0346808467497,1945.317720086,0.255116860317953,0.231753380479154,8085.8238484144,0.440606885086475,0.0390919691225,0.6423244412102,275.219369489006,2,2,4,2,0,3,2,1,3,2,3,0,3,1,1,0
131,131,0.802172989004666,0.103850698282,1.06006261544036,0.00521936858055416,335.065357561508,0.353354205146787,0.0953396689948,0.0197359467939,2571.379286846,0.243777866238916,0.106403375388717,11743.648307391,0.372588104053028,0.0243958634072,0.71348534441309,258.184139227253,4,2,4,2,1,4,2,2,2,3,2,0,4,2,2,0
122,122,0.681691994193018,0.0911551407099,2.29589733239122,0.00948254162695541,389.502975908759,0.382649555398537,0.0900825850589,0.0167861715962,823.8649074214,0.230989650469553,0.894704789432831,2399.9786773711,0.443389029304709,0.0170911663228,0.681502569827631,137.945164721172,2,3,4,1,1,4,2,2,4,4,4,4,3,3,2,2
260,260,0.762355444692848,0.0971548466752,1.88391550417704,0.00712350148133424,315.173381824684,0.269130786311005,0.0944227718784,0.0167137655198,1205.0839792183,0.236177009975931,0.625862748483,3982.208091539,0.381218757060786,0.0185563252448,0.724024480102192,144.657797642165,3,2,4,2,2,2,2,2,4,3,4,2,4,3,2,2
105,105,0.614693416310477,0.0633899135777,0.811615529235666,0.0130295536570757,269.678398155775,0.405807764617833,0.0610471802514,0.0267111262475,868.700914143952,0.265442010082812,0.223527605723122,1605.1320490687,0.42758592796136,0.0282406229064,0.572611750683845,92.321266450557,1,4,3,0,2,4,4,2,4,2,3,4,3,2,0,4
103,103,0.711448803609304,0.0963662861482,0.479786038417445,0.015706735277991,170.377034973212,0.479786038417445,0.0947605102902,0.0229617082497,828.69572888587,0.263487441621422,0.535003278986873,1081.683618793,0.407898560977894,0.0234717104669,0.691687890836605,35.9839528813084,2,2,2,0,3,4,2,2,4,2,4,4,4,2,2,4
116,116,0.70281385497192,0.100580236287,0.328838713771224,0.00198158460769062,244.983282953478,0.164419356885612,0.0966653857358,0.00853741400111,2142.934998637,0.247084426821679,0.0506515730463569,5377.6776772843,0.452495024382722,0.0105444699946,0.692430156020167,130.548969367176,2,2,1,4,2,1,2,3,2,2,1,2,2,4,2,3
278,278,0.712120922267724,0.0958609041568,0.471699874327211,0.00177099504803147,237.882715842036,0.157233291442404,0.0922313257509,0.00931687043935,2445.578506745,0.251753853064619,0.048851089904029,5342.306333319,0.451690123766462,0.0117286091376,0.701939799246793,122.877817262239,2,3,2,4,2,1,2,3,2,2,1,2,2,3,2,3
265,265,0.697947547641972,0.0980349882004,0.999484769364453,0.0156878864120364,300.829035982689,0,0.0971024391173,0.017783327588,698.80872108537,0.258805658652038,0.808175441977441,1435.829217423,0.434529000150682,0.0179092816767,0.69652318189021,65.7161235857128,2,2,3,0,2,0,2,2,4,2,4,4,3,3,2,4
271,271,0.679492480348854,0.116237404113,0.193039565956751,0.00278598050164191,247.775774431385,0.193039565956751,0.112060620277,0.00742254730883,1508.172687174,0.246874822233517,0.187071206186287,5131.38706898205,0.452480960828106,0.00881330313097,0.670141634288111,166.97922455259,2,2,1,3,2,2,2,4,4,2,2,2,2,4,2,2
272,272,0.739668624452657,0.0885723434067,0.221182025673286,0.00343667460794597,177.101867452465,0.221182025673286,0.081269901408,0.0203681533748,3318.574897372,0.228037955357573,0.073502483563068,5578.23153887404,0.485877170120502,0.0216354454716,0.752093642147816,114.572289298762,2,3,1,3,3,2,3,2,0,4,1,2,2,2,3,3
289,289,0.771072647918665,0.14093163983,0.345236836557094,0.00694675619372692,329.816931368781,0.172618418278547,0.134565914208,0.0584016098686,2110.351147144,0.244736673982973,0.243621149163627,5033.75316718157,0.446408730762603,0.0619873925019,0.809343935053539,137.576879368002,3,0,1,2,1,1,0,0,2,3,3,2,2,0,4,3
112,112,0.785250910337634,0.134388375767,0.388337144710734,0.00739647326872959,368.611446150004,0.194168572355367,0.130083497074,0.0536678276522,1699.877648514,0.236061622749766,0.299953161505751,5082.0263187323,0.425978573106538,0.0571250975229,0.820001948759392,153.004835016029,3,1,2,2,1,2,0,0,3,3,4,2,3,0,4,2
130,130,0.699765172194869,0.0852371616628,0.224759781736464,0.00315936529291425,147.784931011852,0.224759781736464,0.0828263805746,0.0204941384802,3213.8162854568,0.226433720578133,0.073252021473451,5387.61102848,0.471123686270798,0.0217052595443,0.691552422763756,102.097130853789,2,3,1,3,3,2,3,2,0,4,1,2,2,2,2,3
136,136,0.633384613850111,0.0726390793581,0.265585774089925,0.00351865268446403,170.100374376645,0.132792887044963,0.07218354453,0.0175922683096,2634.7104772359,0.24201977793842,0.082690435880318,4762.465740001,0.455832481946701,0.0189597516441,0.60657555982176,98.8643044049747,1,4,1,3,3,0,4,2,2,3,1,2,2,3,1,4
149,149,0.663215328172864,0.0824776895217,0.250979216070855,0.00344293227934997,145.590624451353,0.250979216070855,0.0811931703586,0.0214561002081,2992.813271558,0.241756643721341,0.0753705514404469,4902.277797816,0.471249842639133,0.0229678612514,0.647708015197071,115.011225764469,2,3,1,3,3,2,3,2,1,3,1,2,2,2,1,3
152,152,0.74920862454384,0.0942042310976,0.224770602973993,0.00442397772920461,211.798484088599,0.224770602973993,0.0857453917808,0.0240147890101,3196.89671645,0.233228516225329,0.0750624092161047,5861.7988175936,0.483171895707057,0.0259745232488,0.778601780675304,119.577960782164,3,3,1,3,2,2,3,2,0,4,1,1,2,2,3,3
157,157,0.805165323025223,0.123785314844,0.937438210389747,0.00611163755066899,321.659536226078,0.187487642077949,0.119555172622,0.0433135549404,1806.309072111,0.22548717548642,0.341437286115996,4667.830618912,0.400767662944259,0.0459189260136,0.835984989210577,127.022877507811,4,2,3,2,2,1,1,0,3,4,4,2,4,0,4,3
158,158,0.727007549559035,0.0881614805805,0.231650541235024,0.00326541652313016,176.30245662236,0.347475811852537,0.0827358818647,0.0214893805547,3141.340072558,0.221140559810332,0.060680812255277,5487.24367317815,0.457027425929934,0.0225215413502,0.714999247639747,87.4480793162217,2,3,1,3,3,4,3,2,0,4,1,2,2,2,2,4
275,275,0.720771309432977,0.0848582445548,0.416492049391257,0.0040233312410955,169.948731814543,0.416492049391257,0.0830570514222,0.0210752805953,2644.397201864,0.22167332279463,0.0749565670364561,4766.721364138,0.445744061827893,0.0219608281188,0.699070503765501,93.3636344052067,2,3,2,3,3,4,3,2,2,4,1,2,3,2,2,4
190,190,0.679818328284318,0.0785471314113,0.125658737355317,0.00330085052520167,140.426522266656,0.125658737355317,0.0776448215965,0.0196876827334,2786.871801405,0.221637407015977,0.0822466033014971,4983.36455096178,0.460451398746278,0.0207089768842,0.64780881517003,84.6311596088061,2,4,0,3,3,0,3,2,1,4,1,2,2,2,1,4
192,192,0.771697924113344,0.125602164048,0.389314219244323,0.00530139463766778,258.333925059149,0.129771406414774,0.116978299135,0.0387811885594,3060.233254922,0.239199494068087,0.0858297360505781,5277.67418810311,0.450694279311218,0.0413524129768,0.799809760841187,107.969810137092,3,1,2,2,2,0,1,0,1,3,1,2,2,1,4,3
197,197,0.785674936437508,0.129047444993,0.295907326378362,0.00534575648684606,265.802162477391,0.147953663189181,0.122088211194,0.0410514008163,2556.298963929,0.230672070841879,0.190444683829146,5148.2168292175,0.43806338741918,0.0433262727901,0.811248840953275,144.328798441046,3,1,1,2,2,1,1,0,2,4,2,2,3,0,4,2
204,204,0.751490882462652,0.0911776543348,0.427678323570956,0.00438960095115379,206.84919015232,0.285118882380637,0.087888154399,0.0219159060569,2563.91451233,0.224145668853867,0.0726722047886348,4994.377434519,0.433724497659413,0.0228955410729,0.743445449842818,106.919580892739,3,3,2,3,2,2,3,2,2,4,1,2,3,2,2,3
239,239,0.699196048074068,0.084437264964,0.222893701844119,0.00308509510622469,160.374865222139,0.222893701844119,0.0817391898292,0.0207882332367,3168.8130492979,0.222865361121996,0.0793206031197807,5603.40311964849,0.468884088651653,0.0218609738591,0.688918610952622,117.186363744546,2,3,1,3,3,2,3,2,0,4,1,2,2,2,2,3
211,211,0.712201359351033,0.0709622745945,1.08070044590048,0.00567560283682058,262.557413442273,0.180116740983414,0.0700123425185,0.0218115603033,2043.152882515,0.229930535631698,0.102883622924066,4129.6072230852,0.446411656249672,0.0223260231359,0.687601795068911,127.252477504782,2,4,4,2,2,1,4,2,2,4,2,2,2,2,2,3
229,229,0.758093661477118,0.0957443295963,0.45350317218637,0.00376828944477205,178.324136830746,0.226751586093185,0.0875527397568,0.0242149032992,3263.171221385,0.224727996390883,0.0937170938469142,5613.008211512,0.460224508302609,0.0259893239664,0.776939836329931,86.7324816806433,3,3,2,3,3,2,3,2,0,4,1,2,2,2,3,4
171,171,0.91114201488806,0.0625246685842,0.545387650228261,0.00450940930043144,126.579159879177,0.18179588340942,0.0571358454415,0.00943122536813,3203.565945357,0.232345548848619,0.237983437088854,4396.993847915,0.371752706596741,0.0141555138715,0.928073593247464,81.4445557674203,4,4,2,3,4,1,4,3,0,4,3,2,4,3,4,4
125,125,0.75020880267943,0.213366847645,0.298196128284774,0.00522812108748807,183.003353844499,0.149098064142387,0.184685611105,0.0217462016991,2952.716583402,0.219134572589522,0.0499508889073493,5193.75773821018,0.487629646602222,0.0278383917208,0.750414920950026,190.994620166397,3,0,1,2,3,1,0,2,1,4,1,2,2,2,3,2
147,147,0.768291808257422,0.220920556615,0.280848412160317,0.00522494799710296,141.528874784754,0.140424206080158,0.200061510063,0.0206129965681,2895.3720234841,0.217077355244168,0.0206842774845676,5480.29975667622,0.509887374946509,0.0257942908,0.780426539546866,156.362353470256,3,0,1,2,3,1,0,2,1,4,0,2,1,2,3,2
153,153,0.85655304327951,0.136438378201,0.228311432762179,0.0032752817873964,227.627912608572,0.228311432762179,0.118224724815,0.0133114360077,2711.548302967,0.208055199773533,0.428382543520483,2829.03732117,0.472883936138718,0.0202471641767,0.880700940092862,64.7262911880778,4,1,1,3,2,2,1,3,1,4,4,3,2,2,4,4
159,159,0.841802669119955,0.122276798664,0.415848494176808,0.00326183132791246,175.50780131474,0.138616164725603,0.109201045513,0.00751714474172,2554.715781193,0.221674796285144,0.291638178033033,9471.329480697,0.431462293284527,0.0113410456167,0.843547318902697,148.319296256395,4,2,2,3,3,1,2,4,2,4,4,0,3,3,4,2
166,166,0.741235598501872,0.248439772125,0.405741471357944,0.00556535095494896,184.489168577138,0.270494314238629,0.219535499776,0.0261929477908,3046.427163438,0.229277988576294,0.0122425120914195,6022.05022867847,0.489510612976542,0.0330714282656,0.740325520809045,154.452253430257,2,0,2,2,3,2,0,2,1,4,0,1,2,2,2,2
198,198,0.763004473101319,0.187162083469,0,0.00414583725312269,232.847716935204,0.17151395630906,0.166042151075,0.0177300458939,2747.459135152,0.216169344480303,0.17048992445716,4792.7787261234,0.49499289360346,0.0241401743312,0.755929382104073,148.016544294719,3,0,0,3,2,1,0,2,1,4,2,2,1,2,3,2
199,199,0.769118223989135,0.203057583133,0.179648328026395,0.00507698609983143,238.638728587091,0.35929665605279,0.172379558302,0.0185868792582,3047.499049716,0.22248486043595,0.16372828957115,3773.3036669701,0.463188188187871,0.0269920601879,0.745854820674482,129.616268671044,3,0,1,2,2,4,0,2,1,4,2,2,2,2,3,3
250,250,0.455784475412014,0.104784481374,1.31676348544783,0.0147601029671966,573.545042964876,0.219460580907972,0.0985422785926,0.0568966562536,2176.53849026703,0.283580092819056,0.196137422125212,4892.8995291994,0.542281498727955,0.064009320403,0.500619832349168,262.255394185027,0,2,4,0,0,2,2,0,2,0,2,2,0,0,0,0
172,172,0.731137124224133,0.0957330693842,0.251462191559351,0.00432010598963739,192.029084651422,0.125731095779675,0.0897353279544,0.0187193069535,2923.9712979336,0.23343953096638,0.0898997191781811,5520.806408066,0.505852906941415,0.0199528047187,0.74556715835295,157.352466368264,2,3,1,3,3,0,2,2,1,4,1,2,1,2,3,2
183,183,0.575941879050944,0.079673785811,0.642728213664053,0.00981298965803986,299.816850726864,0,0.0754796946636,0.021611670987,2361.51662865923,0.284967573570756,0.107662862834235,4784.9410374644,0.563720434720547,0.0256304346936,0.627589320668506,176.750258757615,0,4,2,1,2,0,4,2,2,0,2,2,0,2,1,2
210,210,0.632466730567938,0.0881315308714,0.193358044243567,0.00475979441613295,190.92118250125,0.193358044243567,0.0776749055218,0.0148961098359,1914.0603235067,0.2569799811169,0.0736729143367281,3175.164712274,0.448121573153641,0.0164688550203,0.615804284185803,145.695286337528,1,3,1,3,3,2,3,3,3,2,1,3,2,3,1,2
213,213,0.579314355032933,0.0874552997742,0.866354104702847,0.00884254280402855,263.218539887903,0.216588526175712,0.0860403872286,0.0130313133449,2357.08510269863,0.28153447312115,0.0583436944915665,4480.8919462314,0.559315332067548,0.0145435391654,0.581034354502049,213.772875335428,0,3,3,2,2,2,3,3,2,1,1,2,0,3,0,1
215,215,0.519485338421025,0.0721411181938,0.791783948531792,0.010260072146918,401.684061411816,0,0.0680434874948,0.0276205633549,2120.17760676918,0.288262279183276,0.164090247521848,3684.6029834019,0.578682237542385,0.0324463785383,0.54932419727788,202.960618806983,0,4,2,1,0,0,4,2,2,0,2,3,0,2,0,2
277,277,0.655356922373881,0.11477888032,0,0.00525519136229023,212.656458581928,0,0.104504662714,0.0176769615408,1704.9133582558,0.266072327906831,0.0748253666558937,3924.6647259672,0.504400063627353,0.0189457222955,0.65805696619327,238.740644708237,1,2,0,2,2,0,2,2,3,2,1,2,1,3,2,1
219,219,0.624963773516332,0.10449417445,0.784899035098273,0.00834959973968153,280.477775388724,0.196224758774568,0.103447572517,0.0107366108995,2247.75420801164,0.270962820690001,0.0976081825298319,5432.5828063437,0.558603818957478,0.0116217239105,0.640986173740924,221.733977415262,1,2,2,2,2,2,2,3,2,1,1,2,0,3,1,1
225,225,0.706286605341972,0.10672374279,0.347001912188956,0.00617310922582832,229.326788525436,0.173500956094478,0.105449738795,0.0172734240282,2081.6120291277,0.239484446963698,0.138733540081664,5356.9136909943,0.52637766370452,0.0180697634883,0.729209324410209,260.858687488048,2,2,1,2,2,1,2,2,2,3,2,2,0,3,2,0
274,274,0.608290550868206,0.0758237948934,0.430421160046758,0.00570051770884201,169.91511797437,0.215210580023379,0.0681965524168,0.0157673049796,1734.9147236644,0.2689395700286,0.115861271393454,2880.3399052532,0.450244654815435,0.0171244795762,0.590865790839395,92.217733540018,1,4,2,2,3,2,4,3,3,2,2,3,2,3,0,4
236,236,0.592326114719612,0.0804769518449,0.412376087451572,0.0113695540053378,190.043659160282,0.412376087451572,0.0729458018859,0.0213254854503,889.82692349597,0.286787842783064,0.173641160725559,1729.2893750678,0.445626003981343,0.0237659739658,0.571324905827112,99.5888251195545,0,3,2,1,3,4,4,2,4,0,2,4,3,2,0,4
164,164,0.639185279886142,0.0709285978534,0.286169522071116,0.00384019482744333,169.76420914498,0.286169522071116,0.0704663480398,0.0184631898015,2325.9606677048,0.22793185675068,0.084328910477249,4399.667747418,0.455664332276352,0.0196581500964,0.59639432794342,97.7984341678037,1,4,1,3,3,2,4,2,2,4,1,2,2,2,0,4
287,287,0.613658632704308,0.0661961372915,0.310804453479786,0.004193808606815,168.143906998077,0.310804453479786,0.0654547844641,0.0161763158802,2267.1275878912,0.246957910433668,0.0946062207064238,3986.291830409,0.450507907994489,0.0173626097672,0.581873340540631,83.0624901924729,1,4,1,3,3,3,4,2,2,2,1,2,2,3,0,4
114,114,0.509381537481026,0.136555746669,0.889725299705386,0.0142971786631072,491.991686671907,0.177945059941077,0.129380765205,0.0822687407701,2640.56197489218,0.285745071332285,0.0920206405378226,5240.5967294318,0.54711040765659,0.0900250231713,0.572755933812459,210.509005910294,0,1,3,0,0,1,0,0,2,0,1,2,0,0,0,1
115,115,0.68002210482548,0.150589101729,0.285103269092981,0.00876221005238304,317.743955803842,0.285103269092981,0.139795635549,0.0487708443193,2954.5108355769,0.270279901453696,0.0775912831935831,5350.68905942769,0.515919074782124,0.0534034648738,0.745325098367575,126.372024025464,2,0,1,2,2,2,0,0,1,1,1,2,1,0,3,3
118,118,0.438113791266082,0.120871561588,1.16167376119898,0.0216353253353627,657.714126534451,0.290418440299744,0.115512046533,0.124414225791,1535.16369951733,0.276834353646375,0.259307959330556,3851.9011157937,0.542966631271156,0.13163703571,0.482984586214318,299.711830389336,0,2,4,0,0,3,1,0,4,1,3,2,0,0,0,0
6,6,0.868245230621824,0.105182767488,0.356942731372149,0.00191633204764622,163.13080657212,0.535414097058223,0.0820979651606,0.00972445670097,3385.293026088,0.292013769009604,0.0697850638184084,6253.31702467,0.454132815962399,0.0123051963719,0.872204501260764,127.963969196915,4,2,1,4,3,4,3,3,0,0,1,1,2,3,4,3
15,15,0.791124016687485,0.0805039634462,0.507604994632619,0.00383532024318961,242.650952554485,0.507604994632619,0.0712987466026,0.0158416767245,887.8608273027,0.265863153377371,0.0661819940269662,972.424810571534,0.466843053690565,0.0187502987749,0.804587864596071,328.674234024621,3,3,2,3,2,4,4,3,4,2,1,4,2,3,4,0
380,380,0.636917680693164,0.0546093483291,2.5340494941974,0.0185665070634573,264.049176476802,1.2670247470987,0.0493562965137,0.0276042918305,454.0864790322,0.268831944339151,0.0777332706584034,442.54561707609,0.468889406288059,0.0307078375897,0.633554731876254,108.964128250488,1,4,4,0,2,4,4,2,4,2,1,4,2,2,1,3
23,23,0.569484964520297,0.110065293218,0.258106804148665,0.00959421776014577,376.716193763509,0.258106804148665,0.10157375636,0.00857041740848,1656.34603169433,0.302754422987117,0.0829537572901669,4995.962429535,0.583608717977159,0.00902677610334,0.554860246457793,322.504451783757,0,2,1,1,1,2,2,3,3,0,1,2,0,4,0,0
32,32,0.590885791423079,0.0909246152976,3.22875816258806,0.0135319234614695,865.640933698417,0.461251166084008,0.0886746784589,0.0479159993998,1256.9531352875,0.261265719304075,0.19805952522337,5868.6983918524,0.455055130644939,0.0530709963364,0.543600726990241,404.517272655675,0,3,4,0,0,4,3,0,4,2,2,1,2,0,0,0
24,24,0.863059836903766,0.104485380556,0.49135806969852,0.00293355087041673,228.501333184589,0.196543227879408,0.0930379650419,0.0119636244516,4241.495793259,0.258432777062501,0.0375168944290012,14002.712452432,0.347057773044134,0.0177655768977,0.760628546845222,209.662488340358,4,2,2,3,2,2,2,3,0,2,1,0,4,3,3,1
22,22,0.787626550760343,0.0900911650088,0.581884762735867,0.00532920707994671,258.676083459617,0.145471190683967,0.0863170780882,0.0203367763853,2678.661906696,0.247416394852821,0.223263419672061,7789.568898335,0.406082308580078,0.0249973900487,0.750406696535882,169.546672742163,3,3,2,2,2,1,3,2,1,2,3,0,4,2,3,2
12,12,0.681626516159439,0.0838312866688,1.84138636762241,0.00929451673667926,319.720358708888,0.306897727937068,0.0834353239225,0.0197751781946,1124.131114691,0.233069466655803,0.722576815466198,2812.8969444635,0.447979111499547,0.0200384156999,0.671288877325675,162.195449214741,2,3,4,1,2,3,3,2,4,4,4,3,2,2,2,2
2,2,0.791158724933431,0.13543203465,0.347380766340202,0.00651714543234287,330.039185780709,0.173690383170101,0.129395532692,0.050603533465,2066.092126344,0.236478832020024,0.265990767791373,4999.4979699775,0.439403361670444,0.053760005217,0.831037924272079,143.902482456429,3,1,1,2,1,1,0,0,2,3,3,2,3,0,4,2
18,18,0.734151103580704,0.0922798994202,0.251565889300144,0.0036075208648674,178.671942738281,0.125782944650072,0.0876785816402,0.0217864139619,2924.438455862,0.221841273090835,0.0571930249407718,5260.7527916639,0.451038453092756,0.022817600172,0.721789447641301,90.8781775096772,2,3,1,3,3,0,3,2,1,4,1,2,2,2,2,4
1,1,0.743510603480441,0.241812369371,0.441790935232435,0.00558375727148167,240.933507653044,0.294527290154957,0.210848372929,0.0239253898986,3131.962218304,0.229942165558615,0.0810353563352366,5262.9201009256,0.475750446321761,0.0319848328458,0.72563297744524,163.830805148695,2,0,2,2,2,3,0,2,0,4,1,2,2,2,2,2
8,8,0.667747617292395,0.110730521267,0.389855956283236,0.00545701409579431,225.369652861174,0.194927978141618,0.10556490872,0.0183049272608,1917.3476301112,0.253247969564195,0.14678210563466,4542.648221248,0.51515218159651,0.0193657638974,0.676274234330198,273.191561365478,2,2,2,2,2,2,2,2,3,2,2,2,1,2,2,0
5,5,0.618115166010684,0.0807498453146,0.221872086067599,0.00571455004923107,178.05377813669,0.221872086067599,0.0711113837972,0.014710814343,1710.045641548,0.270793194329776,0.103787381850738,2774.8048861754,0.449276059411753,0.0160770124465,0.604937574794322,94.2956365787297,1,3,1,2,3,2,4,3,3,1,2,3,2,3,1,4
60,60,0.622262721599548,0.130128571564,0.587146954590461,0.0102718540719622,304.979563124774,0.146786738647615,0.118354264048,0.0354970692571,2952.9947681912,0.276184879822266,0.0787621493354582,5911.998958037,0.538733866939119,0.041386302074,0.696759270930006,169.758863245967,1,1,2,1,2,1,1,1,1,1,1,1,0,1,2,2
44,44,0.764878550018765,0.0725763488803,0.358993076060364,0.00188064629183159,157.67282431945,0.179496538030182,0.0696007268445,0.0118886553415,2977.258174063,0.265441046844745,0.0405683341095816,3620.5046546992,0.428428910889349,0.0159199844344,0.748814294737271,88.7610380559249,3,4,1,4,3,1,4,3,1,2,1,3,3,3,3,4
54,54,0.90161738616368,0.109548898501,0.878350739553494,0.001255162281444,79.9610818161611,0.219587684888374,0.0948580296914,0.00640251939272,2831.943816636,0.242054553647452,0.0272229529065129,2344.767444908,0.352842467747069,0.0103993548191,0.909321916742696,108.805697862189,4,2,3,4,4,2,2,4,1,3,0,4,4,4,4,3
56,56,0.853436598147301,0.126942625839,0.375213800757085,0.00180920799914627,117.048645121798,0.187606900378542,0.110428142643,0.00645013552339,2311.459101429,0.24397636233136,0.0554935510007936,5706.4676155742,0.390866227093628,0.00949527968158,0.836908875603307,158.527830819868,4,1,2,4,4,1,2,4,2,3,1,2,4,4,4,2
83,83,0.835242958574121,0.118461492498,0.244359335932896,0.00269986792623315,149.297330768075,0.244359335932896,0.08905496308,0.00757713688099,2875.302823452,0.245973215794458,0.167409850199398,11829.498331896,0.443415340791695,0.0101027580991,0.827397456738907,179.359752574746,4,2,1,3,3,2,3,4,1,3,2,0,3,4,4,2
46,46,0.666710070554567,0.114931734603,0.153401847775402,0.00583721347657698,214.531063691855,0.153401847775402,0.112439514096,0.0186410553242,3581.592073532,0.32826659478731,0.0367816358319457,3624.6099345714,0.525815121236004,0.0211472632222,0.6704705080394,160.074828153632,2,2,1,2,2,1,2,2,0,0,1,3,0,2,2,2
45,45,0.52665892833952,0.105461087848,0.734819848021692,0.0105752912522533,304.045669773234,0.244939949340564,0.102733874059,0.0232845097458,1481.61493011552,0.241282945400729,0.352079570426476,2652.7030294992,0.526417253998357,0.0240471292962,0.521756906272462,127.246303682423,0,2,2,1,2,2,2,2,4,3,4,3,0,2,0,3
52,52,0.590184393801174,0.0991787572569,0.339270160257346,0.00801337606798307,216.126838517284,0.339270160257346,0.0935274604968,0.0178665192767,2846.9773257838,0.285578157794984,0.324570927456903,3605.9709806032,0.518735175661126,0.0210828168296,0.579103932332531,144.613905809694,0,2,1,2,2,3,2,2,1,0,4,3,0,2,0,2
352,352,0.712549219235008,0.107227966825,0,0.00647083793964664,162.699496278995,0.189102965590992,0.106066755107,0.0184525838835,2888.92946639612,0.324674242228837,0.0574497618310115,2620.0000081031,0.508737023716009,0.0202263973729,0.727571766457337,145.987489436246,2,2,0,2,3,1,2,2,1,0,1,3,1,2,2,2
42,42,0.620325001365664,0.103864978163,0.785552978073374,0.00840759424168121,292.816994276935,0.196388244518344,0.102840317334,0.0107869436415,2255.60356755619,0.271907897950924,0.0939414606907276,5442.0647172541,0.558793254911346,0.0116944953252,0.635424672842817,229.97063433098,1,2,2,2,2,2,2,3,2,1,1,2,0,3,1,1
58,58,0.859188018472218,0.104599671706,0.481674897721611,0.0031388690081505,238.725774105119,0.192669959088644,0.093562216008,0.0137456572239,4240.914801765,0.254177664040206,0.038605208600537,14178.654501602,0.347409118249437,0.0198679237698,0.761742260175906,225.809192051891,4,2,2,3,2,2,2,3,0,2,1,0,4,2,3,1
49,49,0.76215075169166,0.10148049605,0.238655237682229,0.00379983967148877,200.631160117104,0.238655237682229,0.0934032574898,0.0241617259602,3117.516620583,0.223758874277193,0.0822362547274679,5622.42831978261,0.453764350885561,0.0258703759541,0.772342652282434,102.7410798222,3,2,1,3,3,2,2,2,0,4,1,2,2,2,3,3
163,163,0.640477868044408,0.151658763233,0.759917720328205,0.0157754357689107,561.132580771002,0.253305906776068,0.150008645066,0.11915779732,1562.0435416622,0.270023060341989,0.315432426553425,3902.58266234325,0.49411268177866,0.125638038505,0.694677928150921,221.64266842906,1,0,2,0,0,2,0,0,4,1,4,2,1,0,2,1
178,178,0.502815968580016,0.108335654596,0.957803943367121,0.0128971991171134,441.38750490715,0.191560788673424,0.101144461232,0.0447883117458,2477.49465067303,0.285825201934481,0.137093629356555,5110.2319536304,0.536964662451891,0.0517568206078,0.56446303459329,208.705479259696,0,2,3,0,0,2,2,0,2,0,2,2,0,0,0,1
185,185,0.483276265028063,0.141273032773,1.06240450874264,0.02140204122064,693.130084586306,0.265601127185661,0.13681350741,0.140302507601,1722.96159253328,0.280828698883569,0.194972019928424,4057.5074890236,0.553062524108054,0.147756834341,0.536128289329291,308.628509789738,0,0,4,0,0,2,0,0,3,1,2,2,0,0,0,0
189,189,0.586530823875297,0.0930440138925,0.505272803544472,0.0103631494229131,311.471352220989,0.168424267848157,0.0857262781893,0.0297853946742,2717.3390259207,0.282787364179725,0.0650958669108052,5323.0156976618,0.54015325364195,0.0352105489689,0.659097453808022,166.8242373036,0,3,2,1,2,1,3,2,1,0,1,2,0,1,2,2
191,191,0.426200374714459,0.101464472934,0.852688891417313,0.0181957490740161,754.410368364359,0.284229630472438,0.0965872305267,0.0900421123912,1543.07537064853,0.275278834642046,0.209073043190347,4101.84274909503,0.537633198188852,0.0966361670152,0.459339614265501,357.845104764799,0,2,3,0,0,2,2,0,4,1,2,2,0,0,0,0
121,121,0.711152938193233,0.101636576638,0.337856056994512,0.0067948177515966,223.993988768674,0.168928028497256,0.0989909283848,0.0170343650779,2199.5682608022,0.244808603914893,0.114904836841672,5559.0973715645,0.531881891383156,0.0177788722567,0.742634923681836,217.91715676146,2,2,1,2,2,1,2,2,2,3,2,2,0,3,2,1
133,133,0.714933744402591,0.099697839503,0.535936090986168,0.00624347948847479,221.268535322438,0.133984022746542,0.0915258971105,0.0198308786273,2890.2870269461,0.249587586948705,0.0878666742767132,6012.126668963,0.528911429659958,0.0217079938852,0.756934500415197,203.119778483758,2,2,2,2,2,1,2,2,1,2,1,1,0,2,3,2
205,205,0.680706026725064,0.113291760959,0.556628693760666,0.00856155631697413,247.381584995974,0.139157173440167,0.10217610424,0.0247090033317,3072.8029625575,0.266027476397743,0.104932216552374,5737.601169118,0.535573444514503,0.0287842361093,0.744301982873633,135.539086930722,2,2,2,2,2,1,2,2,0,2,2,2,0,2,3,3
233,233,0.862541780024992,0.12169701864,0.173000094827971,0.00138100652872506,106.372541472774,0,0.101701925509,0.00562616633924,2328.153971638,0.249555483213062,0.00896481868050591,6453.1328050416,0.37714634552278,0.00922465679647,0.842714503353725,222.910622185841,4,2,1,4,4,0,2,4,2,2,0,1,4,4,4,1
120,120,0.712320150207375,0.105200811492,0.34268412875133,0.00167544705675591,240.811464518836,0.34268412875133,0.0991625381098,0.00744704945035,2239.717150814,0.249078498771442,0.0414839635247633,4754.9760367452,0.44811765610018,0.00927584294207,0.694325463059593,108.887881910735,2,2,1,4,2,3,2,4,2,2,1,2,2,4,2,3
135,135,0.827812321568306,0.105351823704,0.799337877062418,0.00135490239519346,132.722718462688,0.199834469265604,0.0944343292644,0.00694938161,2952.134190116,0.242614633927344,0.0297047979861148,2411.6729231529,0.414786439836115,0.0099486781435,0.807027993244662,33.8719425405199,4,2,3,4,4,2,2,4,1,3,0,4,4,4,4,4
148,148,0.912160866173634,0.11649386339,0.443858078793432,0.0014376852640533,73.9572128364413,0.221929039396716,0.0991326036123,0.00554810427803,2594.38075483,0.240071279285935,0.0206609153365778,2872.4360143377,0.338631614174668,0.00957445422916,0.925297256231592,152.909108144337,4,2,2,4,4,2,2,4,2,3,0,3,4,4,4,2
182,182,0.80032731197069,0.117426382572,0.698623002067103,0.00193400672655686,164.037987407576,0.232874334022368,0.105690865576,0.00602070276725,2239.757560722,0.235616450536239,0.0382031240200168,2294.7212706451,0.419373537442348,0.00803407121016,0.777885470676158,47.0406154725183,3,2,2,4,3,2,2,4,2,3,1,4,4,4,3,4
193,193,0.944336567482877,0.077961247042,0.59458511939846,0.00150485701362101,35.3819277068688,0.59458511939846,0.0688535670963,0.0122636433909,3176.889124331,0.285675183957,0.0214766572513339,1498.7758120002,0.415513379909898,0.0166328188779,0.981321641457632,6.98637515293191,4,4,2,4,4,4,4,3,0,0,0,4,4,3,4,4
224,224,0.824719625174836,0.0674398153749,0.4516415935124,0.0021128666849009,132.344475369721,0.4516415935124,0.0631378145384,0.0123665609202,3026.018674704,0.268524070465278,0.0478969419710277,2137.2581953518,0.416724945249219,0.0168978793796,0.81453286019568,59.6166903436367,4,4,2,4,4,4,4,3,1,2,1,4,4,3,4,4
230,230,0.907068495227927,0.100266473429,0.930974983926933,0.00135145997146105,82.3716364101922,0.232743745981733,0.0896423678236,0.00752224587078,3107.844750972,0.249338011315467,0.0366250201509614,1492.2993436569,0.372535536219873,0.0119692324368,0.916861500251492,22.3433996142464,4,2,3,4,4,2,2,4,0,2,1,4,4,3,4,4
195,195,0.931279208517563,0.0905240258973,0.22277914586485,0.00135402627416301,66.9673945471902,0.668337437594551,0.0725944441332,0.011081719337,3654.363093976,0.293957935515673,0.0150435533143171,3557.866594569,0.461068176639857,0.0141027164206,0.965624875003456,92.8989038256426,4,3,1,4,4,4,4,3,0,0,0,3,2,3,4,4
176,176,0.835066745371165,0.118030369977,0.245294527905911,0.00271259125327843,146.681606585701,0.245294527905911,0.0882326475459,0.00759454852526,2892.612038757,0.247942660784954,0.164835575924359,11753.021139873,0.443139281661827,0.0101137121828,0.827212716056532,179.800888955032,4,2,1,3,3,2,3,4,1,2,2,0,3,4,4,2
286,286,0.807899701137296,0.143448483044,0.533753472169518,0.00346073147647855,190.636338949294,0.266876736084759,0.107253836346,0.00831486477442,2408.053680019,0.233346608865901,0.152178615485249,10825.767767794,0.463828699263297,0.0108513978789,0.799847988301514,203.093196160502,4,0,2,3,3,2,2,4,2,4,2,0,2,3,4,2
141,141,0.837947191902159,0.128309448933,0.394049523544565,0.00312407429275412,172.392128890638,0.262699682363043,0.106065926654,0.00736563111653,2524.581175631,0.220411808838672,0.264067772655923,10352.648373717,0.434689661475218,0.0102975518959,0.836027159844956,169.966694488889,4,1,2,3,3,2,2,4,2,4,3,0,3,4,4,2
101,101,0.574298260954378,0.102957875655,0.458792063870002,0.00659535370929334,281.258680633645,0.305861375913334,0.0972212298163,0.0175506599163,3035.4925009932,0.285549848308505,0.153131765002581,3748.1642743129,0.523020193993095,0.0186623113546,0.567665239749294,121.12110486168,0,2,2,2,2,3,2,2,1,0,2,3,0,3,0,3
104,104,0.644269228920681,0.106558895812,0.368629490036332,0.00712847277821452,228.920285685768,0.184314745018166,0.103627741568,0.0168099877031,3021.7481240974,0.319178510215964,0.120938740404976,2480.592850386,0.512637636665358,0.0175615839886,0.647323687938771,101.188795014973,1,2,1,2,2,1,2,2,1,0,2,4,1,3,1,3
110,110,0.623697924803673,0.106920195832,0.276199521684473,0.0061642488638209,234.127537830964,0.138099760842237,0.101214261981,0.0181794014824,3797.4160266344,0.310942233284078,0.0417677735831752,4152.2094685487,0.528217959314128,0.0208570899502,0.616706938231218,160.126672696573,1,2,1,2,2,1,2,2,0,0,1,2,0,2,1,2
276,276,0.692823986717534,0.102445744322,0.213846158022954,0.00764781779517104,162.743056653128,0.213846158022954,0.101145438836,0.0174669206688,2572.17959248323,0.323003272657035,0.130907622625335,2191.41022087353,0.502559990905135,0.0186321747606,0.706024124629516,112.376156041062,2,2,1,2,3,2,2,2,2,0,2,4,1,3,2,3
137,137,0.636982416906663,0.116262569023,0.43586169124911,0.00870438817047663,216.735786509008,0.217930845624555,0.114304792211,0.0177019412995,2488.5462291004,0.317259407005156,0.144794936993945,2147.7506439012,0.503045565084569,0.0184757827128,0.639264575285727,83.3585484513923,1,2,2,2,2,2,2,2,2,0,2,4,1,3,1,4
156,156,0.5639922138037,0.095063915924,0.491952240929467,0.007248227423208,233.688130906011,0.327968160619645,0.089269091116,0.0185005275479,2739.4865337611,0.278612545843357,0.279531535948891,3522.7480856355,0.518540864872023,0.0201767653638,0.553432198473033,125.447821437014,0,3,2,2,2,3,3,2,1,1,3,3,0,2,0,3
170,170,0.69180593376492,0.0779206799138,0,0.00955120031009164,119.302969669782,0,0.0767943775323,0.0147694456476,1747.3268886016,0.317677395741844,0.0939020806321306,1575.87513130993,0.484643140915414,0.0159126226354,0.70683665512677,130.417640742422,2,4,0,1,4,0,3,3,3,0,1,4,2,3,2,3
180,180,0.587189941106446,0.110155713254,0.535648225550097,0.00745762920520416,309.731495401912,0.357098817033398,0.105306371949,0.016968461073,2763.3383281002,0.292220675540651,0.142356725821184,2971.6923040985,0.530041764079508,0.0173021696163,0.58343152456485,115.967840831596,0,2,2,2,2,4,2,2,1,0,2,3,0,3,0,3
237,237,0.693220529538571,0.11407769453,0.165897824879511,0.00587923803709171,186.369683619303,0.165897824879511,0.112350307897,0.018759702133,3284.3811051154,0.326717575562564,0.0295346355373818,3260.74574916,0.51324305807322,0.0217176708418,0.699652348102207,172.86553352445,2,2,1,2,3,1,2,2,0,0,0,3,1,2,2,2
234,234,0.52959316660211,0.106236682951,0.481240255595631,0.0113869714835924,306.058660821515,0.240620127797816,0.102170928885,0.0207920039197,1541.44846361526,0.2474522912419,0.701124248315054,2536.3342418858,0.50389200924122,0.0224726289617,0.518170814367241,130.055179074719,0,2,2,1,2,2,2,2,4,2,4,4,1,2,0,3
161,161,0.542614955799554,0.0994362942948,0.813839346763994,0.0091959024694064,270.957871103226,0.203459836690998,0.0942144678699,0.0192818574408,2021.4811894647,0.262951897217189,0.479763651325146,2888.8529794783,0.509540338240508,0.0211192913591,0.528375545233244,114.039238465305,0,2,3,1,2,2,2,2,2,2,4,3,1,2,0,3
207,207,0.589722571394112,0.0970228511343,0.314986518862158,0.00748344121435404,244.188416035429,0.157493259431079,0.0912325190286,0.017321054127,3023.813758019,0.287899838348611,0.253888958796216,3991.712663817,0.524446331802207,0.0203783287802,0.580341403198277,192.063029876201,0,2,1,2,2,1,2,2,1,0,3,2,0,2,0,2
222,222,0.654919683860725,0.119375210585,0,0.00963109890064339,270.261133701624,0.191969145591309,0.116773290704,0.0227287121036,2500.5329432921,0.272531911878358,0.30429110122395,3361.7480125285,0.483809491207994,0.0276798602235,0.635191747649506,162.021958879065,1,2,0,1,2,2,1,2,2,1,4,3,2,2,1,2
303,303,0.566179453055615,0.0939406769884,0.357848349178248,0.00805879172169432,182.525077286635,0.178924174589124,0.0882204300048,0.018225155107,2622.7194246898,0.277598633592331,0.345230830613927,2974.9637674504,0.502107668861564,0.0206421033094,0.553888811942752,104.939028396521,0,3,1,2,3,1,3,2,2,1,4,3,1,2,0,3
119,119,0.836272407226734,0.116088260913,0.726040651450904,0.00145284709883673,77.9022690082294,0.363020325725452,0.100955416215,0.00654042388598,2862.784963696,0.234162769924232,0.0199532116734312,3224.7288832535,0.38094875883876,0.00922345041291,0.81990407541258,95.8373659915194,4,2,2,4,4,4,2,4,1,4,0,3,4,4,4,4
279,279,0.857490189924614,0.0969714214379,0,0.00114452916024829,71.6936837928181,0,0.0723358067893,0.00273668756628,1808.422144004,0.190027548878451,0.00202523116864152,7319.0978848402,0.415505064569607,0.00503327968341,0.84456166053395,64.186349276287,4,2,0,4,4,0,4,4,3,4,0,0,4,4,4,4
304,304,0.896090854562847,0.121575738968,0.368495801532275,0.00166919193008471,18.5153082891077,0.184247900766138,0.0978898287468,0.00494278248121,1906.261278174,0.220918365461955,1.75872001194416e-06,5486.1005927717,0.354521364046989,0.00835089920472,0.881780628770082,166.928598094121,4,2,1,4,4,1,2,4,3,4,0,2,4,4,4,2
154,154,0.760818177220321,0.250286582372,0.271071033898085,0.0056797343935756,151.506660513246,0,0.225659318702,0.0233092972355,2912.9877176049,0.2232552877779,0.0109084985303217,5756.898163643,0.502039115450621,0.0290008607466,0.772706868571261,187.242316665102,3,0,1,2,3,0,0,2,1,4,0,2,1,2,3,2
126,126,0.772287066544128,0.108007401192,0,0.00183859620310902,0,0,0.09616283406,0.0226974929296,469.2434929378,0.24425459791288,0,396.57857146644,0.442625919367472,0.0267117860248,0.753736528089054,86.3339829739597,3,2,0,4,4,0,2,2,4,3,0,4,3,2,3,4
208,208,0.750379747575365,0.134507385761,0,0.002748402640491,0,0,0.115633541637,0.0239523467144,283.90779934478,0.228645170414879,0.0595549851426341,242.630524803358,0.438855998677179,0.0296936830799,0.734551831581227,112.798361285179,3,1,0,3,4,0,1,2,4,4,1,4,3,2,2,3
244,244,0.778033956304862,0.122579394044,0,0.00188872651696116,45.3130327846745,0,0.109186942228,0.0254044189202,672.99566229078,0.265170702186849,0.161281934214225,673.3994696033,0.449946613581308,0.0298555730612,0.779175565409939,190.33790841004,3,2,0,4,4,0,2,2,4,2,2,4,2,2,3,2
173,173,0.739340106126183,0.0902470237718,1.39811010545628,0.00615409767637925,319.453179310625,0.399460030130366,0.0891904292303,0.0217788964534,1661.343579715,0.225694870255656,0.360292617284511,4415.9757817528,0.421160014116017,0.0226160872753,0.730116896766297,171.568082940992,2,3,4,2,2,4,3,2,3,4,4,2,3,2,2,2
194,194,0.871613273833206,0.119233540215,0.81768453880979,0.00249937993611326,108.909269906777,0.204421134702447,0.111477720486,0.00957850658177,2874.863805788,0.273957224434915,0.0362315657842483,4527.976380243,0.402019728341323,0.0123543155682,0.869045310702267,90.1497204037793,4,2,3,4,4,2,2,3,1,1,1,2,4,3,4,4
107,107,0.684690245075371,0.108795955593,0.180285579110629,0.00240957922649981,258.748957176831,0.180285579110629,0.104227044941,0.007524111702,1693.993611741,0.246506371928064,0.15049059663047,5326.18270793991,0.454714340100369,0.00905925812234,0.675294515263479,158.921737986019,2,2,1,4,2,1,2,4,3,3,2,2,2,4,2,2
13,13,0.698730939080981,0.14977105548,0.74101899758808,0.0136005041949335,479.775512598358,0.49401266505872,0.147805289362,0.109114488889,1442.0323418164,0.264557064817691,0.339897463212952,4030.08664211747,0.466580765930553,0.114933231387,0.743233701528306,203.162708505399,2,0,2,0,0,4,0,0,4,2,4,2,2,0,2,2
16,16,0.621621041276238,0.0998477445521,0.466686835110093,0.00972852382741937,294.686894614374,0.155562278370031,0.0906045610014,0.0273233930981,2846.1563380122,0.275668780361858,0.0600239049935369,5560.5276221315,0.538681373860853,0.0323403846546,0.692185582857046,163.184830010162,1,2,2,1,2,1,2,2,1,1,1,2,0,2,2,2
7,7,0.773053973183162,0.0708764757754,0.373773604868377,0.00195219132406398,155.139297737037,0.186886802434188,0.0676422200012,0.0120363898452,2977.83294696,0.266566294289946,0.0418192042831767,3350.3017828461,0.425634316745545,0.0161772591585,0.757168307270519,83.6318440892993,3,4,2,4,3,1,4,3,1,2,1,3,3,3,3,4
21,21,0.878461794871381,0.121394889037,0.198530968770397,0.00135605708048647,96.0249275127604,0.397061937540793,0.102377969607,0.00593436286916,2447.695733588,0.253219185976206,0.0130247022021303,4598.5615293439,0.363017086393172,0.00981007476962,0.870822632100474,211.931809162398,4,2,1,4,4,4,2,4,2,2,0,2,4,4,4,1
28,28,0.821963329679761,0.141627059799,0.369890370251539,0.00315957326725417,176.792609124919,0.246593580167693,0.110505440916,0.00754036400102,2308.027119841,0.2144920681762,0.194900353208101,12042.521860501,0.449899402087001,0.0101247139621,0.813335501449081,191.788156975423,4,0,1,3,3,2,2,4,2,4,2,0,2,4,4,2
14,14,0.614899290590629,0.117228134179,0.404575426263111,0.0060351648530115,241.434174483171,0.269716950842074,0.111829016132,0.0182811000642,3869.4050907605,0.309087164789762,0.0506574078462246,4135.388311107,0.531368887721892,0.0203900774445,0.610418351335678,154.075808168535,1,2,2,2,2,2,2,2,0,0,1,2,0,2,1,2
17,17,0.653405217528118,0.113246832438,0.466942940735325,0.00899897458898511,194.641994389996,0.233471470367663,0.111650242747,0.0173803746507,2347.2207622305,0.319681790619839,0.154711415703466,1972.11239349969,0.496960135378976,0.0182844877043,0.658376485996886,76.812113750961,1,2,2,2,3,2,2,2,2,0,2,4,1,3,2,4
25,25,0.678814387932552,0.132299981671,0.169648776222817,0.00818341653957943,252.001043774091,0.169648776222817,0.129493393469,0.0224053943327,2765.8001123203,0.279727597825015,0.0982632150821531,4600.5895005819,0.500352250195573,0.0279131682006,0.660374489021678,209.516238635178,2,1,1,2,2,1,0,2,1,1,1,2,1,2,2,1
9,9,0.4717776049683,0.0955752567619,4.40910725273779,0.027466877574785,1119.37620024391,0.400827932067072,0.0954016919372,0.0673325830523,822.257573222,0.263841528882647,1.19086645555525,2999.8517454519,0.500960615731546,0.0720227526532,0.500057826467926,420.869328670425,0,3,4,0,0,4,2,0,4,2,4,3,1,0,0,0
206,206,0.766198418658644,0.158287637785,0.360196527797397,0.00631107050000989,273.958682514281,0.180098263898698,0.134746475109,0.0217400399701,2595.833527674,0.23803077140328,0.290114360551623,5068.5526515077,0.433378346224561,0.030802789172,0.724072773584547,198.918532476112,3,0,1,2,2,1,0,2,2,3,4,2,3,2,2,2
263,263,0.476796797322478,0.132494303598,1.58644914551785,0.0248803724544589,784.042432449606,0.317289829103569,0.13002024878,0.141335107452,1412.53889660512,0.272559167502093,0.349423548230338,3393.2511908575,0.538870035738024,0.148449230157,0.525230269075222,352.984934877721,0,1,4,0,0,3,0,0,4,1,4,3,0,0,0,0
51,51,0.508448842660786,0.145322307928,0.994806584138148,0.0164290677614382,556.444856361904,0.19896131682763,0.139245139584,0.112941308922,2345.83438940458,0.283464171176892,0.0963314400494075,4867.3997297189,0.553939018949009,0.12054753731,0.569651525560895,226.020055916187,0,0,3,0,0,2,0,0,2,0,1,2,0,0,0,1
273,273,0.638904015826867,0.113134134641,0.296513826879833,0.00594628992122973,217.048361422694,0.148256913439916,0.10971089797,0.0178962370621,3650.6370802182,0.320548322042803,0.0662593831699312,3730.9598338845,0.53225860273649,0.0197206314166,0.64068092691237,138.546085609602,1,2,1,2,2,1,2,2,0,0,1,3,0,2,1,2
